datetime,buy_order,price_USD,price_native,amount_token,total_native,maker,etherscan_url
2023-03-30 07:52:59,True,0.4306,0.0002398,521.429,0.125,0xa1...e186,https://etherscan.io/tx/0xe0d7031b940be52f775583a19ccd4e4cc6728021dedb043db44654df890e2aaf
2023-03-30 07:28:47,False,0.4283,0.000239,3722.95,0.8899,0x91...d728,https://etherscan.io/tx/0x0bbb339a5331e4bdb92b17438d3ef7da45e95e3014c080be64c67890f8ceabd5
2023-03-30 07:19:11,False,0.4315,0.0002405,3684.02,0.8862,0x91...d728,https://etherscan.io/tx/0x5495d7b64afd30b5b3336429dc14fbceccfe7d2692e8874f9c82eaba02a2c27d
2023-03-30 07:08:59,False,0.434,0.0002421,3792.99,0.9183,0x91...d728,https://etherscan.io/tx/0xbd2d223abc4f61cd61e44d30efbecd8f50bb3a3d956bb72719c7380a49285f41
2023-03-30 06:53:23,False,0.4378,0.0002436,3651.51,0.8898,0xfa...aa5e,https://etherscan.io/tx/0x55ad0e64310e83f4e4ad31378c42db93fe0cb55720b51cf5ac83f53ad6dcd9e7
2023-03-30 06:49:35,True,0.4405,0.0002453,2893.79,0.7098,0x8e...6bf2,https://etherscan.io/tx/0x21eb8d98c0b18b2f42fa6f02e5f74ebabcdefe84c8c528ecf0cf1ec804df20be
2023-03-30 06:48:59,True,0.4391,0.0002445,639.634,0.1564,0x14...154b,https://etherscan.io/tx/0x3822b160c2de21275db8a2234ac88f3374b50482556ed32c7f3ab144e6e81177
2023-03-30 06:48:11,True,0.4385,0.0002441,1096.03,0.2676,0x8d...68f7,https://etherscan.io/tx/0xa4b8c7e795e1234f29c9484bbce1354e3d2d17bd9c03bb5c5954a68650c2fb84
2023-03-30 06:46:23,False,0.4356,0.0002425,76.847,0.0186,0xc9...7885,https://etherscan.io/tx/0xdd5233460c5d92126476969f1fd41b3dc6cd2a135540d0a70c19c38042200ed3
2023-03-30 06:41:59,False,0.4358,0.0002425,118.271,0.0286,0x23...9898,https://etherscan.io/tx/0x00f5630c9aaa4cdc75d1db80625f162a6248926e79c83f012b7e084d142295d1
2023-03-30 06:27:23,True,0.4366,0.0002432,3781.96,0.9199,0xfa...aa5e,https://etherscan.io/tx/0x57efa4e7acfe1e804b7f151f25c8823ae3c9ec0426a01ef56e003318dcbe859a
2023-03-30 06:24:23,True,0.4343,0.0002423,495.092,0.1199,0x2d...d8b4,https://etherscan.io/tx/0xb6a2010fb65c7d91402d22a43968f4f738d73ed9639d576f83be8483ec601807
2023-03-30 05:26:59,False,0.4308,0.0002417,4666.9,1.12828,0xa0...6123,https://etherscan.io/tx/0x5abd81948fc577bd294dfb760e6a548e19993c5cb479c4d451d9e54540f5d4f6
2023-03-30 05:08:11,False,0.4346,0.0002437,4554.73,1.10997,0xfa...aa5e,https://etherscan.io/tx/0x3065b9145a46a2886a6144c5652fc2274f00d42a1ef4b716a279f6af964a3387
2023-03-30 05:03:59,True,0.447,0.000246,402.875,0.0991,0x48...5a43,https://etherscan.io/tx/0xb8ea89a6604664d85411aa40df202c4d2814480890c6f20fe7185fc896e0cd9b
2023-03-30 04:57:59,True,0.4471,0.0002459,66.2807,0.0163,0x56...c9d8,https://etherscan.io/tx/0x48e29411144abf4ac09b2b58c12880c2feb70b28c4642aa47a252944b00fde20
2023-03-30 04:44:59,True,0.4487,0.0002458,232.049,0.057,0xc6...66d6,https://etherscan.io/tx/0x25cf31bb59801b1fa45d4caa9720fff0c9c39e83da877dcd305b8203dea3f44b
2023-03-30 04:39:47,True,0.4486,0.0002457,199.473,0.049,0x43...e037,https://etherscan.io/tx/0x9dec1635a505c8224cca164edaff2cb7461cac7ff0ca6980ef4710d6be5c558a
2023-03-30 04:34:11,True,0.4467,0.0002456,391.68,0.0962,0x21...5483,https://etherscan.io/tx/0xfb60ee8fad46ef93f860a4e22aa5bcb7355d790e7f779d6c39878288dd39440d
2023-03-30 04:31:47,True,0.445,0.0002447,3882.98,0.9503,0x91...d728,https://etherscan.io/tx/0xe36a01b6998eeca0b584842bb0a7ddf96ad36561fd426fd27827f7f525e4b827
2023-03-30 04:28:47,True,0.4421,0.0002438,569.193,0.1387,0x2d...8010,https://etherscan.io/tx/0xd929b7f11bec3f1657f3171883ab91a90dcb48a5d27f8b101b3e6908bc0da9de
2023-03-30 04:18:59,True,0.4372,0.0002436,162.73,0.0396,0x14...945f,https://etherscan.io/tx/0x65452aad7b31c86dced246053cd115fc5708869c31a2368a0d1032ca0f73b0eb
2023-03-30 04:16:23,True,0.4357,0.0002428,3783.88,0.9188,0xfa...aa5e,https://etherscan.io/tx/0x1d0cafac74f30d7726c6e256b65490e09597441752096afac63e814bbb7705fd
2023-03-30 03:53:11,True,0.4332,0.0002419,398.712,0.0964,0x81...0c8e,https://etherscan.io/tx/0xf6bf6bb1e48bfef6bea9ccbeaf9699a3e907b97654521c0907001b051f5b1d5e
2023-03-30 03:49:23,True,0.4318,0.0002411,3434.28,0.8281,0x2d...dd55,https://etherscan.io/tx/0x581e84c6a040b1fd0838523459d2b74b064815d38a5a0b265bb7aa2c50713412
2023-03-30 03:43:11,True,0.4298,0.0002403,402.424,0.0967,0x27...fd72,https://etherscan.io/tx/0xd8b571445b9b9f81c6a5573430a1f831ac58424e20f0edcea5fff4e6f2b146d4
2023-03-30 03:39:11,True,0.4304,0.0002402,165.041,0.0396,0x8e...2f62,https://etherscan.io/tx/0xc4522cd44917898fa69fd48e8f55f370caf76f1b9ac841dbba200acd99b2b310
2023-03-30 03:37:23,False,0.4286,0.0002392,2410.0,0.5766,0xd3...772d,https://etherscan.io/tx/0x72425f0e6c2c6478a9deb11c0432f44b1a6b4e6eebe7630092bdc8f21b10d60b
2023-03-30 03:23:35,True,0.4312,0.0002412,34.4588,0.0083,0x69...f3e7,https://etherscan.io/tx/0xaf8931a55dd7a9e6abf523c7edb79b8cfa5574ddf63aa0c947e4b9ee33970996
2023-03-30 03:16:47,False,0.4296,0.0002407,4681.1,1.1268,0xa0...6123,https://etherscan.io/tx/0x2f2ab341ee2476994b4abb541fb81351790bbbe6b8257f2321781453759f4d7d
2023-03-30 03:09:23,True,0.4339,0.0002431,56.955,0.0138,0x8c...8833,https://etherscan.io/tx/0xa804cbb6dd625e9b29ece41cd7439732ed81654eec710028861a5f8d1f56ff41
2023-03-30 02:59:47,False,0.4318,0.0002417,656.301,0.1586,0x3d...bae1,https://etherscan.io/tx/0xcb999112557bef6fe05c75efab67f3fff2e3fd1e213fbe8872a74c3e4d8cbfc5
2023-03-30 02:56:23,True,0.434,0.0002433,113.516,0.0276,0x5f...3a6e,https://etherscan.io/tx/0x8d5c0c88b70e9cef10e2ccc5a00d700f42e4550c8604ade8dda98e2e098d580e
2023-03-30 02:53:59,False,0.4333,0.0002426,3778.77,0.917,0xfa...aa5e,https://etherscan.io/tx/0x6abd118207fea65cc9b7cc859a6bd011b2cda9837fc9dcfa4c1d1f37e74da6f4
2023-03-30 02:48:11,True,0.4389,0.0002448,191.2,0.0468,0x17...07ef,https://etherscan.io/tx/0xe13d1854084b084873992ce66c35aa7c3b04e39099d82e03351b3523667e419c
2023-03-30 02:40:47,True,0.4394,0.0002447,631.335,0.1545,0xe9...3ac2,https://etherscan.io/tx/0xc265ff57ccd18f1f3f41d1c196b392d751035ff88c4ee29770a6b6ff63ddf84a
2023-03-30 02:27:11,True,0.4396,0.0002445,67.558,0.0165,0x00...8e03,https://etherscan.io/tx/0xa026a57505660e5462694f962dc10a25d02dac7d5812ad3da3844830f001cf8b
2023-03-30 02:19:47,True,0.4388,0.000244,2259.11,0.5514,0x71...176b,https://etherscan.io/tx/0xba85b0212e5e6fc0cfaf3c0caf0d16dfd95372c644f5d07486668c42c7086671
2023-03-30 02:18:47,True,0.4373,0.0002434,525.377,0.1279,0xac...7ca4,https://etherscan.io/tx/0x7e6b6ebb35601cf082830ed549c70ba3cc2e2698c672a0f1dc5d052e4a66a5c1
2023-03-30 02:07:59,True,0.4358,0.0002433,113.418,0.0276,0xda...c123,https://etherscan.io/tx/0x747a4b66f657235683b91a696c91e3aecfea26d5c94310975b4e63fc8ba3d1f1
2023-03-30 02:05:59,False,0.4348,0.0002428,4500.0,1.09268,0x89...03d1,https://etherscan.io/tx/0xdf292f250426551b79fd278b91a8cdb32919b8e6e3e1e9f16321d0fe53a578db
2023-03-30 01:42:11,True,0.44,0.0002452,22.4684,0.0055,0x33...c1d8,https://etherscan.io/tx/0x169a279104175e5d11591affd9de1e2d2e63e6cd0431275963bacfb37ff58946
2023-03-30 01:03:35,True,0.4377,0.0002444,3558.98,0.87,0x91...d728,https://etherscan.io/tx/0xbb4ec0009930c4525ea4e6e9198d70f022f97f79197e0b35ecf1b4a2eefe6944
2023-03-30 00:48:35,False,0.4335,0.0002423,324.779,0.0787,0x1c...a1f7,https://etherscan.io/tx/0x5264d4902dfea0c19b42f0d2df1cd872afef430ec9d404c939bf9ae5a82e19d5
2023-03-30 00:39:35,False,0.4341,0.0002424,213.07,0.0516,0x85...c25a,https://etherscan.io/tx/0xefbab49d41a17eec8006edc6628904712aa34e23bd1a3b65ff6fddff20961418
2023-03-30 00:36:23,False,0.4347,0.0002425,200.0,0.0485,0x2a...bfa3,https://etherscan.io/tx/0xc12a350a03b98ca842397d02497d145fc4d42cd4fba6e4b67ccae16d7a3cd7ed
2023-03-30 00:33:47,True,0.4359,0.0002432,3770.73,0.9171,0xfa...aa5e,https://etherscan.io/tx/0x96691641811c00a249d9c81eec0b01d6d4656845c99eb51c7e1e8c9322bb3a1e
2023-03-30 00:31:59,True,0.4345,0.0002424,23.0558,0.0055,0xa5...b898,https://etherscan.io/tx/0x9644d802d0a42420679865e11c84f2ad83cb39e834aeb4f51afe5a03577b549f
2023-03-30 00:23:35,True,0.4341,0.0002424,114.177,0.0276,0xd7...202a,https://etherscan.io/tx/0x2776d92bc3647cc931714952c1c3db828fe50a1fdd317df071439143df254fe8
2023-03-30 00:13:35,False,0.4316,0.0002413,2166.29,0.5229,0xdb...1bbc,https://etherscan.io/tx/0xb6775aee7101fc0dc9b650ea3656c2496dfeeb35a1f84bd959e4691c93bee020
2023-03-30 00:05:47,False,0.4331,0.0002426,3922.62,0.9518,0xfa...aa5e,https://etherscan.io/tx/0x67bc2f86e624ed842bceab17013f0b2e8dfc63ff89c6806d48c171d13129b609
2023-03-29 23:55:59,True,0.4408,0.0002449,22.4768,0.0055,0x31...4437,https://etherscan.io/tx/0xba57aef505ba7802c930c0dce8458d7ccc228084b7020c044d140bfb7fd739bd
2023-03-29 22:56:47,True,0.4397,0.0002437,5412.99,1.31961,0x91...d728,https://etherscan.io/tx/0x7a18848b547682e5e777cba39b21b27a25f7df4fefa7ab6838216289daadb907
2023-03-29 22:28:23,True,0.4368,0.0002416,4701.51,1.13619,0xfa...aa5e,https://etherscan.io/tx/0xd968c6b5460ba77c9e80ca6e4a144f28ebe113f4acc06c501ce05d351e9942bc
2023-03-29 21:42:59,True,0.4339,0.0002405,824.258,0.1982,0x6c...5f22,https://etherscan.io/tx/0x321e497a5e27c2de129d56c24f6a572c7010084802f39b2358552a14081657d8
2023-03-29 19:06:23,True,0.4316,0.0002402,692.867,0.1664,0xb7...866e,https://etherscan.io/tx/0x30697f983bafaf7bb7bc840864d27f95c9cf7f7091acc3ec11a1d6c4ad15517b
2023-03-29 19:04:47,True,0.4313,0.00024,229.738,0.0551,0x20...c1f6,https://etherscan.io/tx/0x4321f57a2ea8e6838c776df550d5784f5f5fe5e6ccec281aade06bc9a73aa2d3
2023-03-29 18:42:35,False,0.4295,0.0002387,1100.0,0.2626,0xe8...b384,https://etherscan.io/tx/0x8d996739d32969072d960c27f23acd97f896bc436e6866d41090e470d0fbef1f
2023-03-29 18:39:35,True,0.4334,0.0002404,96.8979,0.0232,0x3b...350f,https://etherscan.io/tx/0x08cd11ea6f19fd7048275ab031dad03e1913805b161ae355ce6b1fff086690c7
2023-03-29 18:30:35,False,0.4311,0.0002392,1486.62,0.3556,0xab...64d6,https://etherscan.io/tx/0x46010e4639a38b586d98921c721c637783475ccdba65477b6d7c4404ae8a963d
2023-03-29 18:28:59,False,0.4327,0.0002401,2887.29,0.6933,0xfa...aa5e,https://etherscan.io/tx/0xc87f313483a9b3efbec9de5a2cb2ebc16b8bb1c1e1200f21b3ab2ff221dbd304
2023-03-29 18:04:47,True,0.4372,0.000242,655.221,0.1586,0x9f...5e9f,https://etherscan.io/tx/0x00027d7a131276ca460bc2eb62d09d84b56e8db5230231e17e0a8dd5887fe302
2023-03-29 17:44:47,False,0.4362,0.0002413,4304.13,1.03886,0xfa...aa5e,https://etherscan.io/tx/0xa127bf6037d3fcd25c66c0fbc32ffd64a88addda92f3d7c18177231775146f29
2023-03-29 17:20:11,True,0.4384,0.0002436,188.504,0.0459,0xd8...bd23,https://etherscan.io/tx/0x8d814e4504964506e563d8f5ced999d84c06e14afacd2b0ff92b6aebaa6cfa37
2023-03-29 17:09:23,True,0.4359,0.0002425,5355.4,1.29876,0xfa...aa5e,https://etherscan.io/tx/0x9337c48aef7254b21af3c48fa4d18a5cb1f7eaa4f4dba6eb668e3358c8c7c7bc
2023-03-29 16:48:35,False,0.4315,0.0002401,1000.0,0.2401,0x1b...ea67,https://etherscan.io/tx/0x75e3381feac86642779b524a6c1cf57ccf183c3d19b81e6f122fa7547ac93123
2023-03-29 16:40:59,True,0.4341,0.0002415,1148.93,0.2775,0x48...5a43,https://etherscan.io/tx/0xca5f154afaef086b54affe0fbdbc7552ecadac34394932864890bcc124216dc4
2023-03-29 16:38:23,False,0.4322,0.0002401,1200.0,0.2881,0x93...dbe7,https://etherscan.io/tx/0xd718dd96c79f3f0bd86713b00604aade8f0920b296a417a8727080a700a0ad8f
2023-03-29 16:16:35,True,0.4377,0.0002417,471.567,0.1139,0xee...6fe2,https://etherscan.io/tx/0x2ff833b49396ae20636a15d3c6b0fcf09bcda1f797f31c9a03de980e38a7fca3
2023-03-29 16:13:47,False,0.4351,0.0002403,699.525,0.1681,0xe7...8b1c,https://etherscan.io/tx/0x4dabb4838492def786d39776d924286e2e1634d3e382a487b2125af60f904eb3
2023-03-29 15:31:11,False,0.4348,0.0002408,1550.0,0.3732,0x0a...1c07,https://etherscan.io/tx/0x058c631af348fc5076614be49bb1a3cef3c47b83b879a9bfd073cbb9ca556c39
2023-03-29 14:59:47,True,0.4393,0.0002425,225.445,0.0546,0x17...5d3e,https://etherscan.io/tx/0xbeab5ebf92f1bac1ef0e15cb2290d3e2782b7d669eb202df0c42ccd2701e78f5
2023-03-29 14:46:11,False,0.4352,0.000241,240.65,0.058,0x28...e5ae,https://etherscan.io/tx/0xd2c25bb455e5165e77ede7c445d96c2988b6138b39f633430bcffc35ca230fd9
2023-03-29 14:21:47,False,0.4365,0.000242,4251.05,1.0288,0x91...d728,https://etherscan.io/tx/0x865fe1528cc16dd80bb40d83f6eda66ecf5aa9c25065579952b5183013bf0328
2023-03-29 14:13:23,False,0.4387,0.0002429,225.0,0.0546,0x1e...897d,https://etherscan.io/tx/0x769747e25c7fa4771099d871c3f639c1a4f8e4343ef0bf858544a5fde93e29ca
2023-03-29 14:06:47,False,0.4413,0.0002438,3837.94,0.9357,0xfa...aa5e,https://etherscan.io/tx/0xda01b7da5c16aee797e9f8cefc60ad92c53ae2899871c28b5c91d727e1092844
2023-03-29 14:00:35,True,0.4455,0.000246,84.5251,0.0208,0xac...7ca4,https://etherscan.io/tx/0x03f4328fc2faf991b53e8cb5ca7bcfff030f74fe5c562d8016fe0d72393bd774
2023-03-29 13:36:23,True,0.445,0.0002458,1112.67,0.2735,0xc3...b6c7,https://etherscan.io/tx/0x7db1aa5befd9f9fb39fc7ffc1626983c150f4ab3ddb0b29f4697727a4a1b52ad
2023-03-29 13:33:59,True,0.4445,0.0002455,66.8288,0.0164,0xac...7ca4,https://etherscan.io/tx/0x7e4e686a9b6a0033a28615842b8059d6811c38583df8c9f9129289743de330e8
2023-03-29 13:33:47,True,0.4444,0.0002455,201.88,0.0495,0xd9...51f8,https://etherscan.io/tx/0x6fd6a4aaddd2da9dbc62f8bb95581e5debc0c7cd00cddc29375c89b7ca24bd72
2023-03-29 13:15:59,False,0.441,0.000244,32.6968,0.0079,0xc8...dfd6,https://etherscan.io/tx/0xa2bcd641af5bcf3d7e2a796c8d8446309d7015045003f17e10600e60170cd267
2023-03-29 12:27:47,True,0.4453,0.0002452,1223.42,0.3,0x4f...6851,https://etherscan.io/tx/0xc3db1f40c011cfcd2ff2380ac65269c3152394a04986c730e62a25a210d54bc2
2023-03-29 12:21:35,True,0.4423,0.0002439,4602.02,1.1228,0x5e...822f,https://etherscan.io/tx/0xa2e6efb6db63f7962f3fc17c9c53bb662ab8d948d5499557519f70facf777a7f
2023-03-29 12:21:23,False,0.4409,0.0002432,8000.0,1.94587,0x58...dd0a,https://etherscan.io/tx/0x8880cc0332676cec417fcb2dea5ae9a4042870e39a0cdc5ad03adba17b5149e9
2023-03-29 11:49:35,False,0.446,0.0002455,2910.0,0.7145,0xd2...d553,https://etherscan.io/tx/0xf28d0e6c3df41e3c9a814d64a92fba3f1ff6666369ee79730ba28c39728c8199
2023-03-29 11:44:35,True,0.45,0.0002476,50.0364,0.0123,0xb7...8983,https://etherscan.io/tx/0xdad9fd34907f9f5939f3450df6628c72ad193c8dc9fad278b8be6b1b30938432
2023-03-29 11:35:47,True,0.4502,0.0002474,711.133,0.1759,0x19...a1f3,https://etherscan.io/tx/0xb510fd900312ab7bc9719eb127f4c84254ce3c77f012b15ea0eb1dfb3f4a1c07
2023-03-29 11:23:35,True,0.4506,0.0002472,219.928,0.0543,0xe3...6e09,https://etherscan.io/tx/0x534f71e0cd7d6e62e120f30e51c769fb59e56bc90a0bd83aec018a2ee4990aa6
2023-03-29 11:10:47,True,0.4485,0.0002464,3630.37,0.8946,0xfa...aa5e,https://etherscan.io/tx/0xfa7417d90f07a51f204a443e8272825a52b063ce208155eb968a85c32f768d26
2023-03-29 10:54:35,True,0.4468,0.0002456,277.169,0.068,0x69...a1a9,https://etherscan.io/tx/0xd10823725a8ff8d98f3ec9abdda585f9dbcce323a307790d577837c04b0e6fd3
2023-03-29 10:50:11,True,0.4446,0.0002446,4011.01,0.9814,0x5e...822f,https://etherscan.io/tx/0xb62aeff5ca7c036bbdafa9157fbd49a429567c84e635ccb6b335962ebd151542
2023-03-29 10:04:11,False,0.4382,0.000243,3197.25,0.7771,0xfa...aa5e,https://etherscan.io/tx/0xb62f33a950462f3a640642863fcbc641ddbb681709e2fa0adabaf0cb6b955e98
2023-03-29 09:59:23,True,0.4427,0.0002451,4.04273,9.912e-05,0x1f...8121,https://etherscan.io/tx/0x133421d74f126a178addd377c43db4aeb0b1142d287f724bd571f261e97cca2f
2023-03-29 09:48:35,True,0.4435,0.0002451,2.18309,5.352e-05,0x12...2bed,https://etherscan.io/tx/0xfb37823738c77b47593bb0f15a0a7e5c60e38c447fc7737f4df0fea0cbfceb0d
2023-03-29 09:04:35,True,0.4423,0.0002451,404.418,0.0991,0xf3...2628,https://etherscan.io/tx/0x5859b870b53755c7fc0e7cdac0183864223b65d9d535b36856926d5314c050b6
2023-03-29 09:01:59,True,0.442,0.000245,85.0985,0.0208,0xd8...8bb2,https://etherscan.io/tx/0x6b4430cf2a7330b58309ed769fc013ab904211afdc0067063793b29fffbd771f
2023-03-29 08:49:11,True,0.4419,0.0002447,1012.44,0.2478,0x48...5a43,https://etherscan.io/tx/0x0f3f919c13ac30265dd6e335abd8fabede1af8c241fd638134e4c3bd40988b76
2023-03-29 08:41:47,True,0.4419,0.0002445,223.538,0.0546,0x01...19cd,https://etherscan.io/tx/0xf6f09a74b65238dbbfa24c415ca90edb4940a9edba6d4d293e671ac7ba523087
2023-03-29 08:25:59,True,0.437,0.0002437,3511.54,0.8558,0xfa...aa5e,https://etherscan.io/tx/0x6a91c52824f3345914b38c0bf9f4f071d50125611f6d0ab4fa235eff4e047388
2023-03-29 07:48:23,True,0.4345,0.0002429,40.7974,0.0099,0xad...5814,https://etherscan.io/tx/0xf4453dcc0f9a3ee5551b4496b7d77f86be18d7de814c80fabdddf009c63c09ce
2023-03-29 07:45:47,True,0.4345,0.0002429,66.5059,0.0161,0xad...5814,https://etherscan.io/tx/0x95cdfa626e5f68c3cd0850e107b6b510950f1da0c7448ad9da34560f6a3cc078
2023-03-29 07:38:23,False,0.4327,0.0002417,1049.89,0.2537,0xc8...1fb2,https://etherscan.io/tx/0x6cd7dfae62716a1bf89ce3014423c98a1842777fbc13915f7c7bf197bccda6cb
2023-03-29 07:34:59,False,0.4346,0.0002426,3255.24,0.7897,0xfa...aa5e,https://etherscan.io/tx/0xd2e3d1405cac36196dbd32675b65449c0f321d5d752e445258c2d03e9ec55e31
2023-03-29 07:05:47,True,0.4367,0.0002438,4098.39,0.9995,0x23...9898,https://etherscan.io/tx/0xa11715e2f5d90f34f6c603233390c9a4facd1332b9106bbca61e85596abe35d2
2023-03-29 06:57:11,True,0.4337,0.0002422,3684.03,0.8924,0xfa...aa5e,https://etherscan.io/tx/0x96ed0b7ed3083a2d67c385f04d8e71a055fa43cbd62645bdcabc3ab3c6599490
2023-03-29 06:46:11,True,0.4323,0.0002412,1027.16,0.2478,0x1a...d77c,https://etherscan.io/tx/0x7d70826a427ca253f7060025fe99b94babe9799d5a0c11aaa8687f5233859a5a
2023-03-29 06:15:59,True,0.4288,0.000241,209.323,0.0504,0xf9...78fc,https://etherscan.io/tx/0x7b17e63b9a1fccf1d6170edc8450269b522faad6ccc37bff679c8c01fe853c6b
2023-03-29 05:36:47,True,0.4284,0.0002409,41.1388,0.0099,0xc9...f9fb,https://etherscan.io/tx/0xb8117b28aa9674ce39c2e4f6fef8413ce487f914a5e8804090a9981fd0089014
2023-03-29 05:32:59,True,0.4282,0.0002409,115.537,0.0278,0xbd...b102,https://etherscan.io/tx/0xb285811590cdd09d325145212edddddc6bab69dd5032fac93793e969391efeba
2023-03-29 05:28:47,False,0.4258,0.0002395,232.168,0.0556,0x39...2f3f,https://etherscan.io/tx/0x8cf1dfc29d6d2d434a16abed3d9444993861806da268d3b6045a25f2ace293c5
2023-03-29 04:41:59,True,0.4292,0.0002409,84.8565,0.0204,0x65...918f,https://etherscan.io/tx/0x43499fe690124b29574e1e0c0c06998bd939c5890f51aeda09ec35aaf5c373aa
2023-03-29 04:34:47,False,0.4281,0.0002402,3618.44,0.8693,0xfa...aa5e,https://etherscan.io/tx/0x74246cb156d56bc38deca476a7e565e95ce9aedab40963c7ab5087486387a399
2023-03-29 04:18:11,True,0.431,0.0002424,119.094,0.0288,0x18...63a5,https://etherscan.io/tx/0x0092ac44bd425e0007cbf72bcf53fb8ef1bb56b7ed06bc97378b0d3342a1e0d2
2023-03-29 04:07:11,True,0.4308,0.0002423,110.17,0.0267,0x00...f49b,https://etherscan.io/tx/0x93a4e025a74b6416c25f57d5e5786919a67673e0f7f7d10ee40d201422317d48
2023-03-29 03:47:47,False,0.429,0.0002412,1500.0,0.3618,0x61...e2c9,https://etherscan.io/tx/0x3cf2a0e09cc8e0ae1e4e9ba07fd6e11a3d6a3d5926846c41178d147381ca4a8f
2023-03-29 03:46:11,False,0.431,0.0002422,3235.32,0.7836,0xfa...aa5e,https://etherscan.io/tx/0xef38c43033813b55e01da223dc31a1c8de6568d90c43dd178a776be4c24c0929
2023-03-29 03:32:59,True,0.4345,0.0002436,3310.97,0.8067,0x2a...06a6,https://etherscan.io/tx/0xa403c19c3a04c858c60151201ff8605c92f2dde65809c387c4e6790bb1ab5eb6
2023-03-29 03:29:59,False,0.4318,0.0002423,3861.99,0.9357,0x91...d728,https://etherscan.io/tx/0x147c813f941b6976854171b045a787e38bdc526ae6bc0d9665c3512fea43a9e1
2023-03-29 03:29:59,True,0.4344,0.0002437,3980.12,0.9701,0x12...91e2,https://etherscan.io/tx/0x16deb4473866cb10c78c6da771c566ef50e974299119ade651737a108bfb38fc
2023-03-29 03:23:59,True,0.4333,0.0002428,57.1354,0.0138,0xcd...22a9,https://etherscan.io/tx/0x57d944eac6b9e43b0cdda5d160486a8155fa5e28387fc11f6877eb3006b5be30
2023-03-29 03:18:47,True,0.4303,0.0002413,7250.52,1.75,0x84...31dc,https://etherscan.io/tx/0x82911ced660ecbea8fdf0958db4cf531fe3506109271ba9d63397f45799553c9
2023-03-29 03:14:47,True,0.4255,0.0002392,3216.52,0.7694,0xfa...aa5e,https://etherscan.io/tx/0x513f5aec0722322ebb4a87bd40a07a36f3bd4aaeda7fc82406705a87faa39e86
2023-03-29 03:14:11,True,0.4244,0.0002385,7.76999,0.0018,0x54...76b1,https://etherscan.io/tx/0xda7f2771016b0ab3543b6dcf6f5c872c01713b6c563fd6cfc16f3829b8a12836
2023-03-29 03:13:35,True,0.4244,0.0002385,34.9987,0.0083,0xf8...5e7e,https://etherscan.io/tx/0x605f417880ef25229430cbd8944fcf7f3004da6a3188b648e910e4ea4a300ed6
2023-03-29 02:57:59,True,0.4234,0.0002385,9.35701,0.0022,0x80...2eeb,https://etherscan.io/tx/0xa8f8c4c80a473522799ab6a042e12f8816f8abba52240f332a9a6d9e6fa7536f
2023-03-29 02:55:59,True,0.4236,0.0002384,419.823,0.1001,0x16...b833,https://etherscan.io/tx/0xd4b28a1b71ebcf571c9c9ec622b0afebcec73f79ddaab592f6a61a9bf2b04822
2023-03-29 02:47:59,True,0.4227,0.0002383,232.939,0.0555,0x41...be1c,https://etherscan.io/tx/0x06bb2d760d65939279c828ddd281b508fca1c18cf76be62bd67a20e8d1b226ec
2023-03-29 02:40:47,True,0.4214,0.0002373,4523.01,1.07347,0x91...d728,https://etherscan.io/tx/0xb93d8ebdd7d743009ccfc9dbc4222167fecb9f08a618e1fe522c3df1055f8a65
2023-03-29 02:18:11,True,0.4194,0.0002363,427.879,0.1011,0x16...b833,https://etherscan.io/tx/0xb1c1498b5ab53f688e4ba6a1465dcff4ecd3eb592092019bca06e5d65fdbb073
2023-03-29 02:16:35,False,0.4179,0.0002355,3414.41,0.8041,0xfa...aa5e,https://etherscan.io/tx/0xd06fd0282c063979629892b4c1cded2f299231f7ce87a28ee725e1abcd4435ac
2023-03-29 02:11:23,True,0.4206,0.0002371,2530.0,0.5999,0x67...0323,https://etherscan.io/tx/0xbb5a0c007734dae7a03435c87a6769c4d061e189615fab48f8ceb069cd37a278
2023-03-29 01:53:23,False,0.4179,0.0002355,1800.0,0.4239,0x51...7509,https://etherscan.io/tx/0x476f6def38f33faff3fed304d933666a0ac99f033cf2a511a692cd831d1f6915
2023-03-29 01:51:11,True,0.4197,0.0002365,3742.98,0.8854,0x91...d728,https://etherscan.io/tx/0x552a098f7ee2d62e4eb8491ca67ce0225ce428f04cbea4e7baca33ee44637017
2023-03-29 00:46:35,False,0.4145,0.0002344,100.0,0.0234,0xc9...7885,https://etherscan.io/tx/0x71ae80d19d16cfa20e65ec7855456cad2a9926f2420cb93e18dc57b135db9555
2023-03-29 00:45:47,True,0.4171,0.0002358,205.97,0.0485,0xcc...256b,https://etherscan.io/tx/0x3b39fe1f497438b6e0eb062b5f5f057c2c114ff66d256ddb7d85a8475f55d20a
2023-03-29 00:44:23,True,0.4173,0.0002357,17.7861,0.0041,0xf2...5707,https://etherscan.io/tx/0x1d4913498e187368a5820bea8960bfd7541efa74631f74ce3892a4156c39ac0d
2023-03-29 00:44:11,False,0.4159,0.000235,3216.98,0.7559,0x80...0d67,https://etherscan.io/tx/0xbabe0a502051fb06f18da77942aabd0d70b35b60027577a2d6b7ec347595644d
2023-03-29 00:21:23,True,0.4197,0.000237,275.061,0.0651,0x5a...bc54,https://etherscan.io/tx/0x00991a584d982b29a508eb350b508b450689f579c2bd724cd369b9afebb4b223
2023-03-29 00:08:23,True,0.4183,0.0002361,4122.95,0.9735,0x91...d728,https://etherscan.io/tx/0xdf4c4afb89e8022a1e386e5997fe7af00f08c8d37526a5ab37f73efb972b8471
2023-03-28 23:53:59,False,0.4139,0.000234,1000.0,0.234,0xbf...3ee8,https://etherscan.io/tx/0xea7894f6cb843567a73f0967e57b05a3c106c407a33f84aff2b17f5751859e9d
2023-03-28 23:48:47,False,0.4156,0.0002348,3000.0,0.7046,0xbf...3ee8,https://etherscan.io/tx/0xd77f28184c52cfe48a6d5acea369a31c7a165eb28c9a034b4d2f620cbfe00eff
2023-03-28 23:20:35,False,0.4168,0.0002354,77.8976,0.0183,0x85...71e4,https://etherscan.io/tx/0x37521d1c2162c907554b309c0e14ea105c5295ce73652bed600ee500af2810c0
2023-03-28 23:16:59,False,0.4168,0.0002355,100.0,0.0235,0xc9...7885,https://etherscan.io/tx/0xa1edb1b8fd16480f4911a55cd273bd31a26b18c9048025ad5f88cbf0673f8701
2023-03-28 22:44:23,True,0.4198,0.0002362,3588.75,0.8478,0xfa...aa5e,https://etherscan.io/tx/0x2310994daebcf58740e840c64709e99a5c8c5b3c84253ab6f7827ecf480da5e3
2023-03-28 22:26:59,True,0.419,0.0002354,238.284,0.0561,0xed...a4e2,https://etherscan.io/tx/0x1958aa7a3851e35e3d090a798fd7064be9db7de0d0e6c4b39ddeb2be4b58d4d6
2023-03-28 22:26:59,True,0.4181,0.0002349,2531.71,0.5947,0x9e...163a,https://etherscan.io/tx/0xa45d7f35fb45e591b44954a57dadcfc18c0b299e0b82760693fe99b26d066c8a
2023-03-28 22:23:59,True,0.4167,0.0002343,447.713,0.1049,0xe8...39a6,https://etherscan.io/tx/0xc2749d67ca99254940768bf4ee615653812b9dc6b17e3b6cb84a5c45e4f89cf3
2023-03-28 22:16:23,True,0.4168,0.0002341,240.65,0.0563,0x28...e5ae,https://etherscan.io/tx/0xd9882a60be38ad38588b91b61f5c1c4b63bf42da7c0da963496cbb77770cd961
2023-03-28 21:55:35,True,0.4187,0.0002341,169.366,0.0396,0x14...945f,https://etherscan.io/tx/0xaea22de5ddc0f5b1eb0e03fdfeb4e41a3fa48a7b265fb5b6df6ea5e9dfb293b6
2023-03-28 21:17:59,False,0.4136,0.0002334,4102.19,0.9578,0xfa...aa5e,https://etherscan.io/tx/0xcbfdaeec25073b7ad69175c9bcb89ac7fa641347770acba5c94e45598c5cf04b
2023-03-28 21:14:35,True,0.4163,0.0002348,4367.05,1.02553,0x3f...c220,https://etherscan.io/tx/0x557ce262b775ccce6410077e137ada296c7b1528ea3ce3ec02d86a4c930cd13d
2023-03-28 21:13:59,True,0.4131,0.000233,4613.32,1.07515,0xfa...aa5e,https://etherscan.io/tx/0x08999a646fd18710e2990106b280ab74300a9682b145b1e5a297bf1e2ad500a3
2023-03-28 21:13:11,True,0.4099,0.0002312,4626.0,1.06972,0x91...d728,https://etherscan.io/tx/0x0c584e76c2ec872f10a35b6a101543660a1b4202e8e38bc4e24203ef0499849b
2023-03-28 21:10:59,True,0.4082,0.0002303,59.6461,0.0137,0x4f...bdc4,https://etherscan.io/tx/0xabce9064c6d314cb15b825bb89fa919b6fed1848fc2142cd230b5cb1fa94bc38
2023-03-28 21:06:59,True,0.4082,0.0002302,500.854,0.1153,0xc8...f93d,https://etherscan.io/tx/0xcb44d970cc0b8b05e80cc5630510b90f2f00e41bdbf40fffacf96f9c49df8b1f
2023-03-28 21:02:59,True,0.4077,0.0002293,4252.26,0.975,0xfa...aa5e,https://etherscan.io/tx/0x15b210845cf94ff2e209bf7b3d8c3875e02768075bf78138c3a859b3fc78faa7
2023-03-28 20:53:23,True,0.4042,0.0002284,387.457,0.0885,0x8f...ef30,https://etherscan.io/tx/0x95bf405c08eadf612433b076ffa2a0ddef715bb8274ac8c26f84ecac4433d39d
2023-03-28 20:44:35,False,0.3977,0.0002275,3250.0,0.7396,0x12...1117,https://etherscan.io/tx/0xe5e8feafa939b82f400c0b5a60b7aa7f09fd733f0210643cb151801bf4766957
2023-03-28 20:42:47,True,0.4,0.0002295,110.513,0.0253,0x63...8099,https://etherscan.io/tx/0x53bdbd8e1b4cccc6e2f49fa782096c4105702d0d3d0e3d13f03d3a88c12d0562
2023-03-28 20:20:35,False,0.3968,0.0002283,712.906,0.1627,0x6f...b3aa,https://etherscan.io/tx/0x179bff24eae856c9880e2697c8ee05d1d9605f6952a3355d70bcbf967c0cba7c
2023-03-28 20:13:59,True,0.399,0.0002297,215.7,0.0495,0xfe...58f6,https://etherscan.io/tx/0x40f2e136ec0fadc8b7d1339f37bbb346e738bad7ae3566d6cacfc9a7d0cbdeb6
2023-03-28 20:09:11,True,0.3989,0.0002297,21.5743,0.0049,0x30...8b43,https://etherscan.io/tx/0xaf6c44af215d1a05774fc504a1b87b072e938db47d29cdc3280611dd5a3c1623
2023-03-28 20:05:11,True,0.3991,0.0002297,113.046,0.0259,0x72...4d2f,https://etherscan.io/tx/0xc5aecbf817788b7c3f8a6623b4e53f9cd8593c86434dc2280502238c2d808a51
2023-03-28 19:17:59,False,0.3973,0.000229,3860.74,0.8842,0xfa...aa5e,https://etherscan.io/tx/0xdf944ed8c1338ba084f0411d3712f3a7dde0192d931087421e0f15ca95d606ef
2023-03-28 18:56:23,True,0.4008,0.0002311,24.6445,0.0057,0x86...7e6f,https://etherscan.io/tx/0xa79aaa3ba3bbfe218212b80a2d132a1c685e8a93ebab8e28fee281bb29a7a990
2023-03-28 18:42:11,False,0.3993,0.0002298,85.3867,0.0196,0x54...d279,https://etherscan.io/tx/0x43188c3902777d881c7f9cf0163afe20cd3f68c95e1ee76b2687c7e8f8c8cbb9
2023-03-28 17:26:59,True,0.4022,0.0002311,39.3538,0.0091,0xda...ce3e,https://etherscan.io/tx/0x790be95fd8f0e042c89a7151b23dd9a813359e058b6c551543f6fe843432147e
2023-03-28 17:04:59,False,0.4007,0.0002301,1834.45,0.4222,0x8f...e3b9,https://etherscan.io/tx/0x7f3e956dd4339eace5a039815778947c1f65c0051283629e26bacdcb88b3a365
2023-03-28 16:49:23,True,0.4039,0.0002318,470.386,0.109,0x55...8210,https://etherscan.io/tx/0x9ffa72b42f33be0d47eceafc5e671c813fcc2ceb04f7acfafd0734841a3e66dd
2023-03-28 16:45:59,True,0.4035,0.0002317,30.2582,0.007,0xda...c4e1,https://etherscan.io/tx/0xed8a06d25b35485e7acb71e570422f574cc035e15156bc0119d165b6c4d080ef
2023-03-28 16:40:59,False,0.4016,0.0002309,3401.7,0.7857,0x8e...6bf2,https://etherscan.io/tx/0x815db8bcb7aab2eb4ea595e79a8de176be96b335250b2062393ff02d9046dff8
2023-03-28 16:30:11,True,0.4059,0.0002326,2127.13,0.4948,0x53...9577,https://etherscan.io/tx/0x761d48c32e5a3a53914c852ef81dd2407d341be2f4137811ac72ceb8528c2c4a
2023-03-28 16:15:35,True,0.4055,0.0002321,85.3867,0.0198,0x54...d279,https://etherscan.io/tx/0x1349aec15c4017d9dba23389dc62688179b3d612bc2648efc426b05efe6d3d8d
2023-03-28 15:39:59,True,0.4031,0.000232,551.041,0.1278,0xa6...f660,https://etherscan.io/tx/0xee9ab703937f3074a48da08c9378a001314022d554a453be72d80826073d3810
2023-03-28 15:32:47,True,0.4025,0.0002319,122.872,0.0285,0x37...4c58,https://etherscan.io/tx/0x1726315c34bc813c854fdf56618bc30b2b361e58e8c6eaf2a429800492f5a41c
2023-03-28 15:25:35,False,0.3996,0.0002305,257.381,0.0593,0x9e...7ae7,https://etherscan.io/tx/0x017dda99bba4848f365be6278a722fc1584c1b1ab206c6123e61a7b82bf5ede9
2023-03-28 15:20:23,True,0.4014,0.0002317,1231.61,0.2854,0x09...9150,https://etherscan.io/tx/0xbc8bb759e2dbb875c42560b714198e06085265347b0c70b72f8230e77ff8b52e
2023-03-28 15:19:59,True,0.4009,0.0002315,64.6035,0.0149,0xdf...fb39,https://etherscan.io/tx/0xb251346b922dd63929454fe783816fb1a69030dd10e6512f0e44a8934d3adef5
2023-03-28 15:08:47,True,0.4018,0.0002313,632.692,0.1463,0x3f...403b,https://etherscan.io/tx/0x16789dd63d95b94ea57694104232fbb9d4106fe02c54aa70d86d3d2e8bbcfc57
2023-03-28 14:41:35,True,0.4008,0.0002311,370.204,0.0855,0x32...cdda,https://etherscan.io/tx/0xa7cc71aff61eb4a3c498f6eec4198b83680cb478432e4bfff42f07877de6a12a
2023-03-28 14:40:59,True,0.4008,0.000231,498.155,0.115,0xda...f2ed,https://etherscan.io/tx/0xbd78aa01327b9471b5117774ae32bff25f93647aefff792586014e3fe48a530a
2023-03-28 14:33:11,True,0.3998,0.0002306,1289.26,0.2973,0xf9...d3a0,https://etherscan.io/tx/0x11ca984a607237718fec9ef84a875289455d6280c5049c7d5a72be0b5355f865
2023-03-28 14:30:59,False,0.397,0.000229,176.0,0.0403,0x53...14c4,https://etherscan.io/tx/0xa62591d6865b3437a2208f13663d7ef4f9d8e980929099ad0d4b682390e85ca8
2023-03-28 14:21:23,True,0.4013,0.0002303,817.738,0.1883,0x65...f1b1,https://etherscan.io/tx/0x35d329c8d7f42015ffd583c058b491ee1f9e9523ff20d25a501e936ab4441a01
2023-03-28 14:20:47,True,0.4007,0.0002299,1034.54,0.2379,0xb9...2c6e,https://etherscan.io/tx/0xccef8d32fda1105c83caecac2b86cb7cf07b1f0761f6c9efd34e729555e72da6
2023-03-28 14:08:59,True,0.4013,0.0002297,20.2714,0.0046,0xab...3c9c,https://etherscan.io/tx/0x93673d75d1846e51d759fcfac178403e4f44871d5df05facea81e771c200448b
2023-03-28 14:03:23,True,0.4017,0.0002296,537.048,0.1233,0x8d...6220,https://etherscan.io/tx/0x2cdabb1203d98afb740592fa10549543e0f9076d86986f90c80220ad90d6e0c7
2023-03-28 13:48:35,True,0.3978,0.0002294,250.519,0.0574,0x82...db5a,https://etherscan.io/tx/0x37ee9eb96a5e444c7d2d7acb3ed7b6b322660c616fb6d1f143d293192c8d3493
2023-03-28 13:25:23,True,0.3975,0.0002294,35.0472,0.008,0x05...3b0c,https://etherscan.io/tx/0x3b34f415102310a0d1c23ffa79e91cc33f2e63d9051e1cc8ad2c2604a8dc7b03
2023-03-28 13:18:47,False,0.3935,0.0002283,1632.13,0.3727,0x7e...61d8,https://etherscan.io/tx/0x37c9bf175d1dc3119818d3fb6e9a87728605b66dd68d1ab852b40f74d3b15092
2023-03-28 13:16:35,True,0.395,0.0002293,3828.02,0.8778,0xfa...aa5e,https://etherscan.io/tx/0x9eece3177b7b890ee364ec2b1631f9ca6fb7dded5b35f181b8b50b847a1cbd2a
2023-03-28 12:46:11,False,0.3898,0.0002272,316.433,0.0719,0xca...f4f6,https://etherscan.io/tx/0xbd50fa59ce65401013e586afd3be5af35108a90cd7fc0fc131292ffc13232d6a
2023-03-28 12:43:11,False,0.3916,0.0002281,4395.02,1.00284,0x91...d728,https://etherscan.io/tx/0x58b21e05f661aa0e465520d199c969b7f53d2f806c1cf8fe259f95a6fb0e3c14
2023-03-28 12:32:59,False,0.3936,0.000229,42.995,0.0098,0x88...0aa3,https://etherscan.io/tx/0x95995a3c6c2c8fe728805402fb3ebd7c3abd50015d3b79afb2fb879a6d2b34e3
2023-03-28 12:30:59,False,0.3942,0.0002291,374.629,0.0858,0xfe...772b,https://etherscan.io/tx/0xa2eb6848acc51001be16db08dd2a082667ebebf2abf0ec3ed83aaf8526975647
2023-03-28 12:20:59,True,0.3966,0.0002305,42.995,0.0099,0x88...0aa3,https://etherscan.io/tx/0x542816e8dc3ab59bdd341fb2e99ba0f49a02f7c06b640450d625352f46bb3ef6
2023-03-28 12:02:11,True,0.3963,0.0002305,216.92,0.05,0x59...569d,https://etherscan.io/tx/0x76aaf243c66dbc41cc946f9897b1f4bd5dcab9ca13c13b95ae86f12d079d6d86
2023-03-28 11:55:47,False,0.3937,0.000229,60.0,0.0137,0x82...e57f,https://etherscan.io/tx/0xbd6c253ecd59035cbe6ae0d9f9e4626593aa8832f4b19af7e14255ea6964f537
2023-03-28 11:50:11,False,0.3937,0.0002291,70.0,0.016,0x2e...f345,https://etherscan.io/tx/0x1f5d5ffdfaa74e1a1ffed6de17faf5a278aaacaf067a7fb64d0e8dc8e92d16d2
2023-03-28 11:23:47,False,0.3962,0.0002298,3876.95,0.8912,0x91...d728,https://etherscan.io/tx/0xfa8fe5fecb0d38054f1004a58c17a3729cfb4c4522adb366173c5aa4462bcb96
2023-03-28 11:05:23,False,0.3986,0.0002306,291.06,0.0671,0x29...2da0,https://etherscan.io/tx/0x8ea522582c1d81a75c119ebdbc737bb59a5723cd4b185df57d1d6165fdaabf51
2023-03-28 11:03:47,True,0.401,0.0002321,85.5478,0.0198,0x63...8099,https://etherscan.io/tx/0x9a7f8dc326c7dd27f73a0b8100e48c2396dc6aa448fc5aa44cf600fe41d91f99
2023-03-28 10:55:23,False,0.3991,0.0002308,874.892,0.2019,0xf7...d3f4,https://etherscan.io/tx/0x20c9d246743f6811605c1afcec7c4fa9a9ab69e2c72c626c6e3bb756122a6ab6
2023-03-28 10:54:47,True,0.4017,0.0002324,1.27938,2.973e-05,0x96...65f8,https://etherscan.io/tx/0xc0b3e259f3acb66d1b6690f7d34438a2ca3c050971524791cad8d9bedb936283
2023-03-28 10:47:35,False,0.3991,0.0002311,515.516,0.1191,0x82...12ab,https://etherscan.io/tx/0x40dad7b47762f5bc078b9085f90c99689e6b00b2bc721fa0a387aa1ad0fafde0
2023-03-28 10:38:23,True,0.4006,0.0002326,76.507,0.0178,0x1f...22c3,https://etherscan.io/tx/0x3ce81ef1902ff10f2ee8097f28598c6bc41a81af7270b94cc2dbe749e0cc39c5
2023-03-28 10:34:11,True,0.4007,0.0002325,100.152,0.0232,0x54...099d,https://etherscan.io/tx/0x5f1ea55ec3ce1b4ba2360b0632ff8d17b576c53e3fdfb6c4adf582125ecb668d
2023-03-28 10:21:59,False,0.4002,0.0002319,4029.95,0.9348,0x91...d728,https://etherscan.io/tx/0xc2dea0960d9a35c5e67e9832efef758d51a0d2e00e1571591a47cfc7ead567f8
2023-03-28 09:54:11,True,0.4045,0.0002341,122.199,0.0286,0xbc...271c,https://etherscan.io/tx/0x3264ea713b986d0208201bdadf3700bd180cb4688f204642338d0b6307750ed6
2023-03-28 09:46:11,True,0.4051,0.000234,118.461,0.0277,0xa4...287a,https://etherscan.io/tx/0x8e18c3648bf68c7bab50dbb60d6b5b228c845787a54679e51be0e8156497b14e
2023-03-28 09:17:23,True,0.4047,0.000234,61.1112,0.0143,0x37...4c58,https://etherscan.io/tx/0x9824c82376937cb9b4c9d11d779d91d82baa0d67172e206390832f47f0c30d70
2023-03-28 08:49:11,False,0.4029,0.0002328,1004.35,0.2338,0xd2...7111,https://etherscan.io/tx/0x14a44366739a876db67a9094c5f84c2a2685320aaae2d7af8ae2fb326878ba58
2023-03-28 08:39:59,True,0.406,0.0002343,382.873,0.0897,0xff...803c,https://etherscan.io/tx/0x26cb94b146eba9e92fbd354b9da963524f259bf6d672b9a8c93365532fe31bae
2023-03-28 08:38:47,True,0.4058,0.0002342,253.914,0.0594,0x93...dbe7,https://etherscan.io/tx/0x33ab18c489fdc4dc641740019c879bee687877b9718ce89b16401189c29f200c
2023-03-28 08:00:11,True,0.4034,0.0002341,267.79,0.0627,0x4d...4a8d,https://etherscan.io/tx/0xc9ff0aa83d0c3789c022a4809d66678fac24f9ad9ba68e423bc23ede3b54122e
2023-03-28 07:58:59,True,0.403,0.000234,224.484,0.0525,0x37...1033,https://etherscan.io/tx/0x7b7bd100481b643de667e85fbeb462b869b7e42e3cba33129b8910f78ec6e11e
2023-03-28 07:44:35,False,0.3996,0.0002326,308.136,0.0716,0x54...c93c,https://etherscan.io/tx/0xa992ca1ab8f7e39d34ae0241c4058ca47cacdf5b6bf69a7ffd2109ae1152504a
2023-03-28 07:30:59,False,0.4006,0.0002333,3193.94,0.7452,0xfa...aa5e,https://etherscan.io/tx/0xb837deda5e29c3dabc1207dc3020324200d7af2d9e419b5e34c985ccc5ee3a0c
2023-03-28 07:24:11,True,0.4043,0.0002353,220.583,0.0519,0x83...8069,https://etherscan.io/tx/0x98ec722d981b58581acd83f728403f148b030756e2ab192c03a0ca78707a38e2
2023-03-28 07:20:47,False,0.4021,0.0002341,1560.0,0.3653,0x36...9955,https://etherscan.io/tx/0xc63be4f109dfd6aa8b1c47b777b1ee5268426be07835f8f4049951e33adc981e
2023-03-28 07:19:35,True,0.4048,0.0002357,739.033,0.1742,0x1f...90e3,https://etherscan.io/tx/0x967a5a5136a01b5f2843fee3767b8e5a9ad42282cbd0f3587790742123e66aba
2023-03-28 07:19:11,False,0.4023,0.0002342,335.224,0.0785,0xb6...c994,https://etherscan.io/tx/0x44de2c632e7b8f2840bf236e539d4eeb0469139744e3a6ff367f68b7353e3162
2023-03-28 06:56:23,True,0.4025,0.000235,3587.99,0.8432,0x5e...822f,https://etherscan.io/tx/0x61050edec3c08c841257183edfa9a7be8d65876abeeb96cf8df2005341f69053
2023-03-28 06:25:47,True,0.4013,0.000234,1232.73,0.2885,0x9f...62b8,https://etherscan.io/tx/0x6bb28d3156c7604dbe7a1947c7f530e642c299b25226c0c5c8e804a8755ec9b2
2023-03-28 06:23:35,True,0.4005,0.0002338,29.9372,0.007,0x9b...8246,https://etherscan.io/tx/0x743d1b66acea69ce04c035675cccf37e7f7cb5429acc1d3d036c53338bdc7a47
2023-03-28 06:23:23,False,0.3986,0.0002327,1611.99,0.3751,0x2e...f345,https://etherscan.io/tx/0xcd954b3729edd69a4713da11e8818d3368271211d2d40c1b0cc4304427762e20
2023-03-28 06:20:23,True,0.4013,0.0002343,481.253,0.1127,0xb6...7e5a,https://etherscan.io/tx/0x9cb00e89d9e3d5b5a283bb81eb252ac6aebed653a17d470ba0b035fa5d48f605
2023-03-28 06:17:59,True,0.4,0.0002336,3226.66,0.7538,0xfa...aa5e,https://etherscan.io/tx/0x9b866391510fb1da57b480717546fc2c8de5814cf6cebdcbd11fc2d4b52d7284
2023-03-28 06:08:23,True,0.3986,0.0002329,212.979,0.0496,0xce...5db8,https://etherscan.io/tx/0x435903d4df3e9a4bf9f7ecc562b78fe47fd47a85891eeabdcb438ebce771d941
2023-03-28 06:03:59,True,0.3984,0.0002328,124.165,0.0289,0xd1...1b98,https://etherscan.io/tx/0x1e8a81b4c77f2f254cb2b34ffd687f0f3d0125545d1ffe16c5421d7defd34b4d
2023-03-28 05:54:11,True,0.3984,0.0002328,223.656,0.052,0x58...afb2,https://etherscan.io/tx/0x6f64c0cb5f30a7dc0a63c09810c8c181f31262544574c44e2868ac4137cc6451
2023-03-28 05:51:23,False,0.396,0.0002313,123.285,0.0285,0x88...17f1,https://etherscan.io/tx/0x47e0884fe8b275296f3f7d42102bdc12c223496f54d4440832c2106bdcf0eb4c
2023-03-28 05:17:35,True,0.3984,0.0002327,170.332,0.0396,0xb2...51f3,https://etherscan.io/tx/0x190c78000d47e9137f5767067f2790ba57e89ceb32da9278773f0ce1af61f45d
2023-03-28 05:04:35,True,0.3985,0.0002327,119.202,0.0277,0x04...8993,https://etherscan.io/tx/0xb9c42b22b85ca84efb3d281ef65fc239f22e096274d7b0fc854aad7c536a4d10
2023-03-28 04:55:23,True,0.3981,0.0002324,1065.91,0.2478,0x22...4fc3,https://etherscan.io/tx/0xffab8094c814fd3d87041ff114b1979f7a25b117099fa772965aa0f537b322fb
2023-03-28 04:41:35,False,0.3967,0.0002315,3596.02,0.8328,0x91...d728,https://etherscan.io/tx/0xfb78fbbf06cbac79dc898bb539cd1af4edea1b2a6d357a70d933dc43ddaada0d
2023-03-28 04:34:23,False,0.3976,0.0002323,77.0,0.0178,0xc9...7885,https://etherscan.io/tx/0xf9948a684f7b0853f488eabb4730f8410d4a4717cbf97c114b7b3163d0649f40
2023-03-28 04:31:47,True,0.3998,0.0002336,500.662,0.1169,0x3a...6fd3,https://etherscan.io/tx/0x3cb5ec751e4907566ce4509344f939e9dafe3d0bfe9a50efe39a36b9ed8d4c41
2023-03-28 04:30:11,False,0.3973,0.0002321,77.0,0.0178,0xc9...7885,https://etherscan.io/tx/0x6b80a40bc6fb6292d5585a3765eceee3e7176afc9a4144a476528465a0ff8313
2023-03-28 04:29:59,True,0.3997,0.0002335,12.3525,0.0028,0xad...5cf8,https://etherscan.io/tx/0x7e60af9c8f5a6efb153764b67a4caef4b63c569a010fb0526980f6ec83b34ef2
2023-03-28 04:27:47,False,0.3979,0.0002322,240.02,0.0557,0x56...9362,https://etherscan.io/tx/0x4f2a16a1f19691f0269a1ed4efc460fa8457a62b341b7889336681cb3930c361
2023-03-28 04:16:35,False,0.3991,0.0002325,1300.0,0.3022,0xd4...a98e,https://etherscan.io/tx/0xed889e90e10c1b451c046313e677c4a24ac49032259b5b5e28e8ef703defa11d
2023-03-28 04:14:59,True,0.4018,0.000234,465.836,0.109,0x08...2795,https://etherscan.io/tx/0x8030af16016487a874f0d58177b1d442635ebbf9c8fddf9ab2661b2da3dfa67c
2023-03-28 04:07:47,False,0.3995,0.0002325,56.0,0.013,0x2e...f345,https://etherscan.io/tx/0x25885c17d53afcb9db2f7f5870498e464778a70c76ad2e13561a3f3df2e71813
2023-03-28 04:03:11,False,0.4006,0.0002332,3535.05,0.8247,0x91...d728,https://etherscan.io/tx/0xd1620f978c0f7106ba842ea8013192a609dccd4873d65d47c8723013c3e03386
2023-03-28 03:53:59,False,0.402,0.000234,70.0,0.0163,0xa0...0ba7,https://etherscan.io/tx/0xdf0b84e9035d365aa2554f1beb8e6651b128cd2e0736a835a87538c557b6ee47
2023-03-28 03:51:23,True,0.4032,0.0002345,4201.35,0.9856,0x00...25de,https://etherscan.io/tx/0x36df35bc7dfb8d21c1fdde84a9aca081dca25e0a5c2cb2c32d06e7d23390ee9c
2023-03-28 03:47:23,False,0.4,0.0002324,459.188,0.1067,0xe0...4154,https://etherscan.io/tx/0xa0e8c4a02182685ece7512cdb85c1e65b40190380ced803f4436ff81ab516fa8
2023-03-28 03:27:11,True,0.3992,0.0002335,2198.33,0.5133,0xab...ce74,https://etherscan.io/tx/0x14e5fb06a05403a45a9a9ab6dc1e75989b9af934c3981d7f24f8934d8349df11
2023-03-28 03:15:59,True,0.3971,0.0002329,498.527,0.1161,0x93...2c43,https://etherscan.io/tx/0xb8f5f1a4c0422af49c1c4548aba70a0c30c31ec581a1a01fea933a6b40b31332
2023-03-28 03:13:23,False,0.3946,0.0002314,79.8126,0.0184,0x2d...1f04,https://etherscan.io/tx/0xdabdd55b6b7dbe794a21271f01a24789fe6ff8bae929970fba745f1ce104a647
2023-03-28 03:08:59,True,0.3969,0.0002328,239.654,0.0558,0x19...1454,https://etherscan.io/tx/0x87c0f0880b40ab10e9f8a0746f6272d6265b10b20cdafe6589c23a729520b6c6
2023-03-28 03:08:47,False,0.3957,0.0002321,3855.99,0.8952,0x91...d728,https://etherscan.io/tx/0x698d4f7753879f588abe541f659a4a1a4336433d531e394c82293f128024d2f8
2023-03-28 02:58:59,False,0.3989,0.0002336,3533.97,0.8256,0x91...d728,https://etherscan.io/tx/0x526ca5746382c8fce8c589420c0753c01e9b5940f5eb1bfe49a760b326f4ce91
2023-03-28 02:49:59,False,0.4013,0.0002344,400.0,0.0937,0xef...f253,https://etherscan.io/tx/0xc68d510e9bb9a0b58a493520e32a81f6a4c3e143d4738db5e6edf5cd766405ba
2023-03-28 02:46:23,False,0.4029,0.0002351,3474.96,0.8172,0x91...d728,https://etherscan.io/tx/0x4ed609f2e024177ef6fd9f7aa2aa005ad8adf8653477a46be81a307914ab9c58
2023-03-28 02:13:35,True,0.4066,0.000237,1223.38,0.29,0x9f...9bdd,https://etherscan.io/tx/0x5eb6bcf749f408dd90bea6862e8a2de7783730b3595031190d442100038e545c
2023-03-28 02:12:59,True,0.406,0.0002368,16.7156,0.0039,0xb2...72fb,https://etherscan.io/tx/0xe4fb738f2725baf85c5651d8fea20d5705073edb3bab2e96c8374040d0306a38
2023-03-28 02:08:47,False,0.404,0.0002356,1460.0,0.344,0xe0...4b92,https://etherscan.io/tx/0xbf1de34dca13a74c980ea4943981b07f93e108106304a1a28d905551eeac6303
2023-03-28 01:59:35,True,0.4062,0.0002368,2837.01,0.6718,0x39...8256,https://etherscan.io/tx/0x4683985bfa1411e5fa0f8c53ffbad81a4035c4fdc612d7a3084a9c518e4500fa
2023-03-28 01:59:11,False,0.4029,0.0002349,489.718,0.115,0xf4...35b4,https://etherscan.io/tx/0xd17250dd8890f72ce4c9d0c9b9bad7d57793e26fb615ad49f80b7bae4f5bc14b
2023-03-28 01:47:59,True,0.4051,0.0002364,113.269,0.0267,0xef...346a,https://etherscan.io/tx/0x0dfbebdff20ea75b7a46b3d94ae020e745403cdeb94d50a748074c29d0d2b28a
2023-03-28 01:38:59,True,0.4051,0.0002363,167.756,0.0396,0x27...3668,https://etherscan.io/tx/0x05f0386c3f213a35ee77c27a33f44bf0f0a9089feb8ef0c2f602dede03f838a3
2023-03-28 01:36:59,True,0.4048,0.0002362,228.883,0.054,0xa5...350e,https://etherscan.io/tx/0x72b5ef65f0e9f605642121d39a41dac17ff9b4c0a419f30bd03ae5cb5f35e4cc
2023-03-28 01:30:35,True,0.4045,0.0002361,244.633,0.0577,0xf3...7b71,https://etherscan.io/tx/0xe4035b6008674aaea35377d99b208e3b957b561030f73ee008c0832062cf4887
2023-03-28 01:21:35,True,0.4042,0.0002361,34.7028,0.0081,0x1a...ff64,https://etherscan.io/tx/0x279674af065f942a0dc18e8902b4646be8ee1a4d994b6790518e8cf652339dab
2023-03-28 01:16:35,True,0.4041,0.0002361,96.5651,0.0228,0x9e...936f,https://etherscan.io/tx/0x5bd14301a4a5e42d631595ec883133796b3f4284df894636071ee0ee7a4bfa9b
2023-03-28 01:11:47,True,0.4033,0.0002359,736.538,0.1737,0xbf...d744,https://etherscan.io/tx/0x380c461e2092717e96fad52e2120e67d71e8f82b56f362f7e7f60e8dd9bc6813
2023-03-28 01:02:59,True,0.4027,0.0002357,420.56,0.0991,0x17...0f80,https://etherscan.io/tx/0x58014f79c991f9ed34e1e5e6dbb087424448dc34b1f41dd50972623fb2c6d686
2023-03-28 00:45:47,True,0.4026,0.0002355,294.571,0.0693,0x2d...8010,https://etherscan.io/tx/0x446253a47a8210f7a96b68079e96a8e334372a94dfa3ac2269295dddc2d842e1
2023-03-28 00:41:59,True,0.4025,0.0002354,210.499,0.0495,0x93...dbe7,https://etherscan.io/tx/0xa6a91a0225f99468a3028eb9880abf3823320bc8b2f9cf65bd5136c1da3e4f5a
2023-03-28 00:25:47,True,0.4027,0.0002353,230.793,0.0543,0x37...3e6f,https://etherscan.io/tx/0x5c7c8aba6b7a0200924cd73f4d500a9db6e7a081879707a1e1d515b0f0f5dec2
2023-03-28 00:18:59,True,0.4028,0.0002353,83.2973,0.0196,0x37...579e,https://etherscan.io/tx/0x1631a1072a03cd2cb309acc7f056bd932c7a7ba3f3457416d324e516a920abff
2023-03-27 23:55:47,False,0.4005,0.0002341,1592.41,0.3729,0x94...7ed7,https://etherscan.io/tx/0x87f390c915cf827bafe57f2a1352bf74bdf3967ff6dc1e68dad9c29949ca9c02
2023-03-27 23:52:59,True,0.4035,0.0002359,1.32571,3.127e-05,0x47...d3af,https://etherscan.io/tx/0xa7a0603fe7c20112b83fa8535b907830867c453e1c21e9ad62ca2bb2bbc1e6ba
2023-03-27 23:52:23,True,0.4018,0.0002349,4681.19,1.1,0x6f...5cad,https://etherscan.io/tx/0xbb4f585aa120041db4874b9e7d35c4ad05f24ab644a46105a9ef9da16c82d714
2023-03-27 23:50:59,True,0.4,0.0002339,423.136,0.099,0x55...2490,https://etherscan.io/tx/0xc896094addf338c688b1bdd6d8fac73e00d91837b06c3cee40f6d9097973fc3a
2023-03-27 23:39:35,True,0.3998,0.0002338,123.716,0.0289,0x05...3609,https://etherscan.io/tx/0xa5e80c55923c7915733211c7ce7080f76dead62a8848810e3b95b9e00d5fff0e
2023-03-27 23:35:11,True,0.3997,0.0002338,43.9983,0.0102,0xda...c4e1,https://etherscan.io/tx/0x31b3d8993bf39902e60bfe2e7acf7f901d05fbe70007ba41543ae366a0a63ea8
2023-03-27 23:32:59,False,0.3987,0.0002332,4403.97,1.02738,0x0a...0cc4,https://etherscan.io/tx/0xac2b1aea2a45c690259692abb1d3637f7278953a03ead34750230dca4404359d
2023-03-27 23:24:23,True,0.4031,0.0002355,84.1645,0.0198,0x2c...4edf,https://etherscan.io/tx/0x647f360aaadd50cdf323e908a25d6b62d16a7d59dc93a9a2d760023647ac1fe3
2023-03-27 23:20:35,False,0.4002,0.0002341,200.0,0.0468,0xb9...8e51,https://etherscan.io/tx/0xd3a1b7052e9764127259845b2d8e657621ebd3960db11d89e4348fec17dfb248
2023-03-27 23:18:35,True,0.401,0.0002346,5020.2,1.17779,0x51...c06d,https://etherscan.io/tx/0x3b124e31d7aeeb3af6801a60c8895418103dfd6ab3613c37eff55591e1316efc
2023-03-27 23:09:23,True,0.4003,0.0002335,152.747,0.0356,0x5a...c6f5,https://etherscan.io/tx/0x012189808444735233f6d26c637f6c6390e2a0c7eb15d57bfb97f6dd2cb07b04
2023-03-27 22:59:35,False,0.3964,0.0002323,1000.0,0.2323,0x43...cba7,https://etherscan.io/tx/0x1cf1d32d5ca2cd8fdc4cff48d88005c4c0ce223eeadd1942e6159a8143c2bc63
2023-03-27 22:52:47,True,0.3987,0.0002339,12.4038,0.0029,0xff...47bf,https://etherscan.io/tx/0xa49f17840f541ce786957d97c60d799c2215b2d3f199c2a181ba7ad0fd5c81a1
2023-03-27 22:49:23,True,0.3987,0.0002339,127.91,0.0299,0x6b...03f5,https://etherscan.io/tx/0x1c89e6f4947b5fa3ea810452a5f39dda2be7b2e11b5aae85344c4d4ba006593a
2023-03-27 22:47:35,False,0.3977,0.0002333,4321.0,1.00828,0x91...d728,https://etherscan.io/tx/0xcbf60f5e2b5616c5c112d37872536a3ba17e75484a1c55cb1d48d2a15d36030b
2023-03-27 22:05:35,True,0.4007,0.0002351,2529.74,0.5947,0xf6...7a8e,https://etherscan.io/tx/0xece7ddfbf71e750e0a1883d1d5639192ad593bb04d00884f226816640f043e73
2023-03-27 21:55:23,True,0.4007,0.0002345,351.196,0.0823,0xb7...e6f7,https://etherscan.io/tx/0x6bcf1e7947a871cc5379d97c01e4d48646ebef04475300dcd7cc88acfe1a8222
2023-03-27 21:51:59,True,0.4001,0.0002344,274.45,0.0643,0x01...bc10,https://etherscan.io/tx/0x698281f93e978cddfb581e37469ee4421029b3a42376636af16239b3d1e13b12
2023-03-27 21:51:23,False,0.3992,0.0002338,4614.0,1.07903,0x3f...b790,https://etherscan.io/tx/0x130d66faa2b461fb5c8de5b5cff70be32cd284948e97aec3f747bd251b5cd0f6
2023-03-27 21:49:35,True,0.4031,0.0002361,230.636,0.0544,0x4f...34b7,https://etherscan.io/tx/0x1d72554f6d65b5d935870ec4cbb355bda70388d1f4a9f9f78530a27f68b30201
2023-03-27 21:48:11,True,0.4029,0.000236,251.962,0.0594,0x28...7f05,https://etherscan.io/tx/0x641c4de731b02c8f548fc7e3e4fda488f2de30084b37cc0edd9cc6fb912cdc9f
2023-03-27 21:41:59,True,0.4032,0.0002359,193.112,0.0455,0xd7...28db,https://etherscan.io/tx/0x31643f32d07c020852913a2692b5a85d5e3262dd6669eb5f805545319b769c7c
2023-03-27 21:33:23,False,0.4042,0.0002354,4766.95,1.12243,0x91...d728,https://etherscan.io/tx/0x0fb6da086d2c9c8f22808d3e86fad4e7174af9178ddd114df3502707de999382
2023-03-27 21:29:59,True,0.4078,0.0002374,1797.95,0.4269,0x8d...22d2,https://etherscan.io/tx/0x7449d35760dc43b93e71f951e9bc0c42855b6408249ab246088dbf8ac9593309
2023-03-27 21:27:23,False,0.4044,0.0002357,210.102,0.0495,0x33...4382,https://etherscan.io/tx/0x63bcba3c84dfa5f75e3059bf5e4845063e7f454daf90c8b3599f3add7df474d0
2023-03-27 21:14:59,False,0.4049,0.0002361,2083.41,0.492,0xfa...aa5e,https://etherscan.io/tx/0x13bf60ad4c6697786d636983fad57d138e362de0f8b65b5721c456dc8b89565b
2023-03-27 21:07:23,True,0.4081,0.000238,69.4757,0.0165,0x49...c1ec,https://etherscan.io/tx/0x0efc8d1beb4778dc9d18170e7b1f6872a08f0fcddb27b7f3ad578c087d4df6ff
2023-03-27 21:00:23,False,0.4058,0.0002366,300.034,0.071,0xac...8cf3,https://etherscan.io/tx/0xe63c28a9477a73b5db82c822f247c29bdbf78e5419998f6410c4d582ac4da0f8
2023-03-27 20:44:11,True,0.4086,0.0002379,778.06,0.1851,0xeb...719e,https://etherscan.io/tx/0xa839616fdf77cc9457fdfdfc15aa99a0d0b3fb886ed10f235ff716c19673f4e2
2023-03-27 20:01:59,True,0.4054,0.0002375,1377.11,0.3271,0xb2...62a3,https://etherscan.io/tx/0x4d788c4ecddc6de0bcdb3b87acde2e0c837f2396aeafcf963f3d4638ad1b9290
2023-03-27 20:00:35,True,0.4045,0.000237,1228.84,0.2912,0xd8...e5d8,https://etherscan.io/tx/0x5d9d7feb943b8468ad4a1d040e94d28f9ef01e2e5ab7a68d7975b3cf34ca8559
2023-03-27 19:55:47,False,0.402,0.0002354,674.235,0.1587,0xb5...2424,https://etherscan.io/tx/0x3519547e47d32f1b6271d65947adf1c291c589ac14f4c09eff42ccf19dd84dd9
2023-03-27 19:32:47,True,0.4057,0.0002369,399.495,0.0946,0xab...737e,https://etherscan.io/tx/0xeb667adb4a4ef0085974f3949e37b7dccf2bfa2c04efc9b86c7c93642986acad
2023-03-27 19:27:23,False,0.4038,0.0002355,295.298,0.0695,0x0d...0c3f,https://etherscan.io/tx/0x38e411aefc42954c7e69ba7a3fdcaff824e015bff100081fd87218e7bd46ecc0
2023-03-27 19:27:23,False,0.4038,0.0002355,295.298,0.0695,0x0d...0c3f,https://etherscan.io/tx/0x38e411aefc42954c7e69ba7a3fdcaff824e015bff100081fd87218e7bd46ecc0
2023-03-27 19:25:35,False,0.4047,0.000236,2471.42,0.5834,0x0d...0c3f,https://etherscan.io/tx/0x4b2aa3de5a46e5ef2fbcc303bc6be3c6aa710ef14401f8e23ad9d297a9c4d551
2023-03-27 19:20:11,True,0.4075,0.0002379,274.208,0.0652,0x6f...bc36,https://etherscan.io/tx/0xbdfd330a5368702381fd7388f4e5c219548a8bfea6aba3868c6e899c79117fa1
2023-03-27 19:07:59,True,0.408,0.0002378,201.104,0.0478,0x86...32b0,https://etherscan.io/tx/0x69096ac16de73f0df32aee665fdaf4d3ef1351122a43c9d51066dfb45ae97c17
2023-03-27 18:39:11,False,0.4086,0.0002375,5605.22,1.33128,0xfa...aa5e,https://etherscan.io/tx/0x632f1886c466d90db2672af1e35b721385f96f7daf6ec25a75f1c18dd3ec51f9
2023-03-27 18:27:35,False,0.4127,0.0002396,4866.77,1.1663,0xa0...6123,https://etherscan.io/tx/0xf03a99e45fb44bdde56979bef62b941dca5fee4508a89978031e4dc267635ff9
2023-03-27 18:14:35,True,0.4169,0.000242,92.4959,0.0223,0x13...d336,https://etherscan.io/tx/0x7bfdc46a028dd3b430d2a7a88250c7c3ff7dca8064267537bc595c42f1f346ea
2023-03-27 18:09:11,True,0.4149,0.000241,5106.01,1.23053,0x5e...822f,https://etherscan.io/tx/0x7d0102ef2a4cd60dbdce5a8c70e4259b839c291a1a24663495d982ba324026a0
2023-03-27 17:42:23,True,0.41,0.0002398,362.55,0.0869,0x0e...44dd,https://etherscan.io/tx/0xb2cdd8aa01c33b1669f831e44272d7af75c83f5f1e41ffe40858d8c810d75408
2023-03-27 17:39:11,True,0.4089,0.0002394,1814.53,0.4344,0x0d...0c3f,https://etherscan.io/tx/0x28d0385e08d102c1697e5894e36864e295bd73ea2d40e969a739848bcc82b08e
2023-03-27 17:37:35,True,0.4083,0.000239,197.119,0.0471,0x0d...0c3f,https://etherscan.io/tx/0xac59faaafd9a721410e2530e89b15b5081be2de31656d7038b2518f09cda057c
2023-03-27 17:22:11,True,0.4053,0.0002374,7688.63,1.82527,0xfa...aa5e,https://etherscan.io/tx/0x7e159219a2cefbb041764af02ceb4c7f8fd188fba7f5c455c29502004ee18f84
2023-03-27 17:17:47,True,0.3991,0.0002344,7209.99,1.69007,0x5e...822f,https://etherscan.io/tx/0x2cc2204bc5eb3fb12d7fc61fcc32e2f60ac4abc3591c7aea0017e033434cf769
2023-03-27 17:11:23,True,0.3932,0.0002326,1746.78,0.4063,0x59...e838,https://etherscan.io/tx/0x32e3797d737a9502eeb312901957f51935ac1a1ffaf4d7a0683b6c2435ea0f11
2023-03-27 17:02:59,False,0.3962,0.0002323,7141.07,1.65886,0x5e...822f,https://etherscan.io/tx/0xd6bd1656741e9f3d9ea402446791a7f75e555afda2f670ab672452a3ae913d66
2023-03-27 17:01:47,False,0.4,0.0002345,4046.09,0.9488,0xfa...aa5e,https://etherscan.io/tx/0x059e577287e8b050cea7b47530e3f120a23bd57ce36ec92d5312adfa972d1ed0
2023-03-27 16:34:23,False,0.4101,0.0002364,5500.0,1.30028,0x47...2b75,https://etherscan.io/tx/0xf3514cc661c3adb15906edc8169c84ecf4ec77b2c20aa6a137a543cd8eae83bd
2023-03-27 16:15:35,False,0.4165,0.0002375,240.726,0.0571,0xaf...5b87,https://etherscan.io/tx/0x436a6d395d7f98f46c92423527d6177de29372cc322465f7b2dd360eeb86b8eb
2023-03-27 16:08:11,False,0.4166,0.0002376,250.0,0.0594,0xee...8509,https://etherscan.io/tx/0x415c453b49056e9e9c9658ba68f0ed06926ccef3e16a1451c2cd2d7af37481e5
2023-03-27 16:03:11,False,0.4172,0.0002377,40.0,0.0095,0xb4...0602,https://etherscan.io/tx/0x8ec3f1f92be3ca22c5f21ff771ee1557dd78de88c01f6914e36ca46a35f80219
2023-03-27 15:43:35,True,0.4182,0.0002383,4046.09,0.9643,0xfa...aa5e,https://etherscan.io/tx/0x23c73a4be581ddf9e8cababe6823a4e893cac6b4884ff6b4cde20527adbd4f00
2023-03-27 15:38:11,True,0.4163,0.0002374,534.21,0.1268,0x30...cd3e,https://etherscan.io/tx/0x21779d9216b5b6ba911cdfc4445ae47c260a4b0f0dd053604c518e9bf073e180
2023-03-27 15:36:59,True,0.4068,0.0002319,27433.3,6.36184,0x11...7f80,https://etherscan.io/tx/0x514016574881908b35a09d1901d5f90b997da1d880fdc18e8b6e2c388720d62a
2023-03-27 15:36:59,False,0.3966,0.000226,4268.04,0.9649,0xa8...5b53,https://etherscan.io/tx/0xc63c8b89dacb2a7237c2ab8026abc026a54019e85550b5af90b93bc9bb58c42a
2023-03-27 15:36:59,False,0.4072,0.0002321,27433.3,6.36912,0x11...14b1,https://etherscan.io/tx/0xd892a6b65ade380a06ee350601c3e1641f7ce7cf2186161fd1bdb02c7a670b54
2023-03-27 15:25:35,False,0.4176,0.0002378,1500.0,0.3568,0x11...a520,https://etherscan.io/tx/0x28ba85bb0c0a347cdd4579421a8ae33a8bb8ea06e35465130e2af0dcc261ae17
2023-03-27 15:16:11,False,0.4177,0.0002381,100.0,0.0238,0xa8...5b53,https://etherscan.io/tx/0xc33e9c341fe059caea1d96f8f2173bbabcaf3076ec55bf7480ea2deed48b5b50
2023-03-27 15:15:47,True,0.4204,0.0002396,58.7894,0.014,0x34...1580,https://etherscan.io/tx/0x443925a7a9f571a707d34eee38dbd680f87ffef6d989e56d4c3a55869a039ca0
2023-03-27 15:09:23,False,0.4196,0.0002389,3605.02,0.8613,0x91...d728,https://etherscan.io/tx/0x4db43913adccc35eb177a6b7e8e2eb7ba5c49f1772936ceba2f6753bdf237c1a
2023-03-27 15:06:35,True,0.4235,0.000241,489.228,0.1179,0x28...ef94,https://etherscan.io/tx/0x91c1670776a3546f9d40f53e7342cbe1012f63c3f83d4e52f16b10b492ad286f
2023-03-27 14:54:59,True,0.4227,0.0002408,246.939,0.0594,0x93...dbe7,https://etherscan.io/tx/0xdf81d034d8de262119cbfaf091bcaf656bc18fb42a4b52bc52eff9fe7eceaa8d
2023-03-27 14:41:35,False,0.4226,0.00024,3207.42,0.7698,0xfa...aa5e,https://etherscan.io/tx/0x149a41130a046f28683c30b27df81a90a5957f88d8a7418a39beec711b5da01d
2023-03-27 14:26:59,True,0.4272,0.000242,121.9,0.0295,0x63...8099,https://etherscan.io/tx/0xd134a431254cca4c99614629f12522aee1af814a1c0b3db3606cc85765b0f084
2023-03-27 14:26:35,False,0.4247,0.0002406,246.569,0.0593,0x88...17f1,https://etherscan.io/tx/0xa746d52965435d2c7ff0a6e01256cff9b91190075530246f2c9239f549378405
2023-03-27 13:57:47,False,0.425,0.0002407,230.635,0.0555,0x1c...d829,https://etherscan.io/tx/0x12fbb4f9d98117ea42e7b4d602e572c2ee05fef39ad292ee73a25c099643b2b8
2023-03-27 13:46:59,True,0.4276,0.0002422,24.5499,0.0059,0x6f...a8fb,https://etherscan.io/tx/0xaa60888c1693baf4b6ead24e0819fda4e14b9881517063e844b4597b8e241bcf
2023-03-27 13:36:59,True,0.4279,0.0002422,20.4591,0.0049,0xd7...0ae5,https://etherscan.io/tx/0x7b742a52254daf14990680ab2aa9729b8d9f097cb7252d27a8f7ea02108769f7
2023-03-27 13:34:35,True,0.4267,0.0002415,3530.02,0.8525,0x91...d728,https://etherscan.io/tx/0x47bc38799f4a603f4c3400e4bb0d6509ed4e62b7f48ae9afd7232fb9349c0f6f
2023-03-27 13:28:35,True,0.4256,0.0002407,49.4024,0.0119,0x24...0fbb,https://etherscan.io/tx/0x6e32e491d5c9a4c020725898712d6046e5d0d93d2f49fdc0a35d7684000bf70a
2023-03-27 13:17:59,True,0.4254,0.0002407,114.037,0.0274,0xc7...8964,https://etherscan.io/tx/0x6b88f50ae9a26677e8c4e35defd2a114f449074c4060a12a2b64b1c77cc77e0d
2023-03-27 12:50:11,True,0.4248,0.0002406,259.599,0.0624,0x82...f184,https://etherscan.io/tx/0x3962f4c749b438ac0dc2d15569a563cab8f21c88930db8cfe3db9fccc2c7a4c0
2023-03-27 11:30:47,True,0.4236,0.0002405,116.759,0.028,0xde...3b93,https://etherscan.io/tx/0xcde70bbcca9878b6c8722850fa9abda80ff2c4e8db968703659cd242c1f4654a
2023-03-27 11:29:47,True,0.4226,0.0002399,3142.96,0.754,0x91...d728,https://etherscan.io/tx/0xfd84d1c0134912107bed9827b34130fa4a385f20d43447b34e7b5b9ca09fcffa
2023-03-27 11:29:35,False,0.4211,0.0002389,5433.0,1.29822,0xc3...0181,https://etherscan.io/tx/0x11fe5f20cbcb55bdcd2420ea4c1c402d953d0a86bd7eb70f5205c0980fb401c1
2023-03-27 11:12:23,True,0.424,0.0002415,11.6662,0.0028,0xa8...6c3d,https://etherscan.io/tx/0xb6397432565b84d1c4b764b706202d2cec50a013b4bda95df05f2977e3a8a60c
2023-03-27 11:10:47,True,0.424,0.0002414,88.2551,0.0213,0x8a...1def,https://etherscan.io/tx/0xe795a0ee4df1c4ed021054defe29ef5d41b3c908a89c9db3bea3286f5bd1b450
2023-03-27 11:06:59,True,0.424,0.0002414,41.4158,0.01,0x3a...2baa,https://etherscan.io/tx/0x222757b47ab5a61b47c1647f56ec04567e70388a70f35b0d8bf4bbd803a09b78
2023-03-27 11:02:35,False,0.4217,0.00024,58.826,0.0141,0xc7...cf64,https://etherscan.io/tx/0xc9817446ad55fd5a15ba6ec9a312f65e5537312e9c996cab8832b221eef95550
2023-03-27 10:55:23,False,0.4221,0.0002401,500.0,0.12,0xee...8509,https://etherscan.io/tx/0x48f3a3aebf7c555deff374e4a66110a0e425d2c7ca8096cb863d8e94af806024
2023-03-27 10:34:11,True,0.4226,0.000241,3097.0,0.7464,0xfa...aa5e,https://etherscan.io/tx/0xe19ac577b4458643217d0d5921c36b3e9086c320a341d24ae6d6b3955d56fd2e
2023-03-27 10:16:23,True,0.4211,0.0002403,126.538,0.0304,0x49...2360,https://etherscan.io/tx/0xb1adbeb9696a029c79cd6114f745ca44b9a7046c7905d3686e5241a131a88019
2023-03-27 10:03:47,False,0.4194,0.0002395,3251.02,0.7788,0x3f...c220,https://etherscan.io/tx/0x1a9c61ebaca6fc0e9ab65046f6fc0de4cba77636193494f77aa3779929d4efa4
2023-03-27 09:44:23,False,0.4222,0.0002408,2971.67,0.7157,0xfa...aa5e,https://etherscan.io/tx/0x1654ca60ae9208a752948ad6a7ce7f37685aab7e7f33f282bcd150ba88baf5e8
2023-03-27 09:33:23,True,0.4254,0.0002429,59.736,0.0145,0x63...8099,https://etherscan.io/tx/0x4d286160b24a2dad3c8d65a0d65fe9d54671a38acfb7eff8d38ad7b8b6aa8f94
2023-03-27 09:09:59,True,0.4257,0.0002427,524.57,0.1273,0x0d...9500,https://etherscan.io/tx/0xb5004cd2367bbaf1b51d63ead0e2655d71bb1ef2f05867045a7e0d13c103c181
2023-03-27 09:05:23,True,0.4245,0.000242,2987.08,0.723,0xfa...aa5e,https://etherscan.io/tx/0xb32f5136e8ead9f7d02768eca411c780b4163acb56ff20c594ec8704cd0168ae
2023-03-27 08:58:23,True,0.4231,0.0002413,187.592,0.0452,0x20...a6c9,https://etherscan.io/tx/0xd3f5fdf87f11e338dc2ce661937635ecc098c5faf70f5b370dc163cbd9e66e64
2023-03-27 08:54:11,True,0.4229,0.0002413,110.901,0.0267,0x54...099d,https://etherscan.io/tx/0xcfd2a7a2ef7767780fa85460d594dc1d91beb49ed8f46bef3c5c79ed604e4b74
2023-03-27 08:07:59,False,0.4209,0.0002406,4025.98,0.969,0x2a...06a6,https://etherscan.io/tx/0xbd723ac6defe5569de67cac0e19829ac488548741fbee00888d1f229c3a03d71
2023-03-27 08:06:47,False,0.4233,0.0002421,2777.02,0.6723,0x91...d728,https://etherscan.io/tx/0x0ef6ddc7fd756fe12be9a065f203225601f0dbb9e299e836a432e6fd4051245e
2023-03-27 07:54:35,True,0.4278,0.000244,242.63,0.0592,0x82...4fe5,https://etherscan.io/tx/0x816a13d424086891635cc68ecddcaa3d8a331765ad7efad0b9d80c230796073b
2023-03-27 07:43:23,False,0.4276,0.0002428,1165.56,0.283,0xa1...5a78,https://etherscan.io/tx/0x7eca6b17096cdbdfc30a852441b89c554d8c4967b8a45e68480c0eea42e12a77
2023-03-27 07:03:23,True,0.4311,0.0002442,1217.43,0.2973,0xba...7ca3,https://etherscan.io/tx/0x9448e2c44b5321adab435e3280c9a1dc642eeb3b45b0738ae56960a6a3363789
2023-03-27 06:54:11,False,0.4291,0.000243,2454.07,0.5964,0x7d...ab03,https://etherscan.io/tx/0xfab4852d7727b196b948275f7a001f341560326578b21bb38a7d3fbe6fa0710b
2023-03-27 06:29:23,True,0.4326,0.0002449,547.15,0.134,0x8d...22d2,https://etherscan.io/tx/0xc3f3a61f33f3a24c0f6924938f94c1e3e7fd473247820b6b741dd7c1d04b1178
2023-03-27 06:20:59,True,0.4322,0.0002447,200.678,0.0491,0x59...edf3,https://etherscan.io/tx/0x363070cd39f32ed167fbc2cb8cc6fc244334708fa8a577fb232b519bda4ee43f
2023-03-27 06:14:47,True,0.4316,0.0002444,1346.32,0.3291,0xb9...9d70,https://etherscan.io/tx/0x7c7073aa09703e38135c8e03b25ae82ce9bf06ceee2e67c7bd40a7121912e97b
2023-03-27 05:47:47,True,0.431,0.0002441,100.0,0.0244,0x6a...f73c,https://etherscan.io/tx/0x121b3322d2ad1fcc26285d91665f0526184462dac7bdd53d2c54582f9a0f42bd
2023-03-27 05:05:35,True,0.4306,0.0002441,16.4405,0.004,0xb8...7c6c,https://etherscan.io/tx/0x878179134319056ec0eab3d1170d3e007d875dd4cac8df3fad3010fc18b54e70
2023-03-27 04:54:59,True,0.4304,0.0002441,45.9803,0.0112,0xd5...2083,https://etherscan.io/tx/0xe542f3fab9364004dd05b213a5c49cf407d629963a0b682885e5a935a2137225
2023-03-27 04:22:47,True,0.4305,0.000244,53.2618,0.013,0x7d...3b7a,https://etherscan.io/tx/0x5b198f295754887586f68128fbaff8f62209e89dd18c228437a507cf4c9a5e91
2023-03-27 04:18:23,True,0.4302,0.000244,18.7602,0.0045,0x0a...4d1b,https://etherscan.io/tx/0xedd0c3241083968397bffb078876a81f48bac1e86c690fe4478f9dddc3b048c4
2023-03-27 04:09:35,False,0.4276,0.0002427,695.941,0.1689,0x6b...f391,https://etherscan.io/tx/0x4080d76bf254fa5ae44a08af370084feb7cd175272f2cc6e4b89369a39d9f199
2023-03-27 04:01:11,True,0.4309,0.0002443,175.478,0.0428,0xc1...d000,https://etherscan.io/tx/0x483385e76969cd10f7a68879ae733b533857d45af80229c7a711f09f00db7091
2023-03-27 03:57:59,True,0.4309,0.0002442,277.782,0.0678,0xad...416e,https://etherscan.io/tx/0x21df2f7b0d4ae182dc8d738326de9b0dd9268fe2d57b6d607f415893d4409d99
2023-03-27 03:49:35,False,0.4292,0.0002432,2735.92,0.6655,0xfa...aa5e,https://etherscan.io/tx/0x0ddbb872cd29d1dd6eda5260c30f45725cc02265ce90ec8b4f6700304c6177ce
2023-03-27 03:46:47,False,0.4318,0.0002444,2868.0,0.701,0x91...d728,https://etherscan.io/tx/0x3b53c5ba483c0352c3c5bce884682b5fe79a6f310c6226c59074a333bbfb7df1
2023-03-27 03:39:23,False,0.4336,0.0002457,3163.0,0.7772,0x5e...822f,https://etherscan.io/tx/0x9e991d6af111ae95233826db2f5780109a578f54ee909959d138cc87166fafd8
2023-03-27 03:37:23,True,0.4379,0.0002478,39.9912,0.0099,0x66...69e3,https://etherscan.io/tx/0x27b0136c949edea3ede640afedb0eeab844e7789589e42061434516a111797bf
2023-03-27 03:21:35,True,0.4382,0.0002478,44.9874,0.0111,0xf6...f880,https://etherscan.io/tx/0x092358e1536d546c1496efed31505a974349bb4365d37e3dfeb606177655ac6e
2023-03-27 03:17:23,False,0.4376,0.0002468,2486.74,0.6139,0xfa...aa5e,https://etherscan.io/tx/0xab46fc3568affc08db80ae044fdfccc9a106f14bb889c6e1867449a31f2efb49
2023-03-27 03:14:11,True,0.4413,0.0002489,33.5741,0.0083,0xb2...f1c7,https://etherscan.io/tx/0x2f7d41ba89b6aa78520ae2be84f26a224327771d8cdb5dc14124fe2c54b65132
2023-03-27 03:06:59,True,0.4427,0.0002488,335.162,0.0834,0xc2...1ad6,https://etherscan.io/tx/0x8146658212f8227177fed65ecac4b107c2a2f568aa4e57ee89907dd85a63e6a5
2023-03-27 02:26:59,True,0.4415,0.0002487,123.763,0.0307,0x14...945f,https://etherscan.io/tx/0x46ab828608023e4a4b3ae4150685f2a2b9685bbcde7454bd926ddac5ddc9c4bf
2023-03-27 02:20:11,True,0.44,0.0002481,2530.0,0.6278,0xfa...aa5e,https://etherscan.io/tx/0xc83a1eb49525ced414966cf005de68b224396c2475d8cd28209795d709d6b814
2023-03-27 02:18:11,False,0.4398,0.000248,8974.38,2.22609,0xf8...966c,https://etherscan.io/tx/0x214355abc47f58efab74e7a3157cc9b66720a176e214387d886f7e8e98839145
2023-03-27 02:17:59,True,0.4402,0.0002482,15092.9,3.74626,0xe8...3cfa,https://etherscan.io/tx/0x099971dd9f3fbf646a8a7fddc6d46b35f2314ec7a5dac7ba8d8ee9c9fe2fef03
2023-03-27 02:17:59,True,0.4348,0.0002451,22890.9,5.61197,0x85...2c1e,https://etherscan.io/tx/0x6650ee6ab4d5c08401760230a931d6c9d2d8e24de91f78117f2151f62f319c34
2023-03-27 02:17:59,True,0.4083,0.0002302,27432.4,6.3158,0x11...cdfb,https://etherscan.io/tx/0x82997974fdd5470e4d59e25282386ce5535af90e6f2e9e302300db8ecaf2b485
2023-03-27 02:17:59,False,0.4062,0.000229,28406.2,6.50617,0x11...7f80,https://etherscan.io/tx/0xd42cf2015d4c697b3a8b31d47b75c3d1f734a8e8f164365521f3cd008692ed04
2023-03-27 02:17:47,True,0.3948,0.0002226,70162.0,15.6245,0x3d...b624,https://etherscan.io/tx/0x703f69f1385ce6c4794195c0441c45dc14b18edf2028ee225e699c8d572bba7b
2023-03-27 02:17:47,False,0.4051,0.0002284,107087.0,24.4681,0xe0...0fa3,https://etherscan.io/tx/0x3a8b714b9b51a033a9fa9dade5e862f33a58ef974ec86f98ad78f22a7f86662c
2023-03-27 02:11:11,False,0.4439,0.0002503,2509.35,0.6281,0xfa...aa5e,https://etherscan.io/tx/0xfd1c8f2f389d95cddab50986b8c3a92029b87e009b9711f394f08f1c76dfb854
2023-03-27 02:06:47,True,0.4476,0.0002523,198.152,0.05,0x2e...c72b,https://etherscan.io/tx/0xe7adcc088945a48b7d3682ca1a15052abc9ad409e2ed775fe090223c1a241caf
2023-03-27 02:04:59,False,0.4458,0.0002513,2521.19,0.6336,0xfa...aa5e,https://etherscan.io/tx/0x073fb2cb854b26985b9fe05ec9aa614a44c52c85eb658e3de9e7eb09894ee7c6
2023-03-27 01:58:11,True,0.4493,0.0002533,273.89,0.0693,0xad...df0a,https://etherscan.io/tx/0xc0397a0031394c2cb536df32aeb60b5d6110288e9af1927242718ef9b4fc8ca6
2023-03-27 01:55:11,True,0.4494,0.0002532,5.87051,0.0014,0xa9...7f05,https://etherscan.io/tx/0xae5b7a41d32fb1a92a5da2f437705891f226d72441f79808c2986b8d4ab324d9
2023-03-27 01:52:47,True,0.4492,0.0002531,469.837,0.1189,0xa4...3d90,https://etherscan.io/tx/0xbe280a773e4285dc98f1271a35e2e14f676d2ce04582d6dba015d074c0fae081
2023-03-27 01:50:47,True,0.4486,0.0002528,1019.31,0.2577,0x5e...8f0f,https://etherscan.io/tx/0x1c55e34bc743b3e4c9b37b6c58f740bad25c21ed25a2f7c80a5e356ca76c8173
2023-03-27 01:50:47,True,0.4482,0.0002525,126.117,0.0318,0x03...5cc5,https://etherscan.io/tx/0x9c46cea5f57b9af5ae89fcf2bbd76ff4da9a910fda78943a241f2bd425384514
2023-03-27 01:47:47,True,0.449,0.0002525,198.006,0.05,0x9b...2ee6,https://etherscan.io/tx/0xd29e49d8a65f34ed029afab1661fb1f01f59f643cba75ccaebef565d0f8a4a90
2023-03-27 01:38:59,False,0.4467,0.0002509,64.9245,0.0162,0xd1...cda2,https://etherscan.io/tx/0xfb29db23821c8ef9e8cd196a0f2827e945b49d6fe7bf92ffed1905d5576c3a72
2023-03-27 00:47:59,True,0.4477,0.0002524,222.704,0.0562,0x53...9210,https://etherscan.io/tx/0x85dd351d9484bcaedc05620b08203f6931c9f0dc9753bd160ff5a85f896884be
2023-03-27 00:46:47,False,0.4452,0.000251,568.355,0.1426,0xe6...730c,https://etherscan.io/tx/0xf1c942327ebf373245aaad2de1060145e48f9be216b993d01f42510224093f53
2023-03-27 00:39:23,True,0.4471,0.0002525,466.062,0.1177,0x55...4c14,https://etherscan.io/tx/0x7285198ec7d6715160f21a86eef9a5f9ecc9c232acaf2d89f90723d36cf60df1
2023-03-27 00:28:59,True,0.4481,0.0002524,121.389,0.0306,0x4e...94f3,https://etherscan.io/tx/0x38fa85c03c9d7ff3ec3a9e41003c9dca0b13260f7795bf963e55ca2332886a94
2023-03-27 00:18:35,False,0.4448,0.0002511,1295.0,0.3252,0x1b...ea67,https://etherscan.io/tx/0xb168096f1116883aefc474a70467104a87049ec412aa1c30ee56d2dd79ff043e
2023-03-27 00:09:23,True,0.4465,0.0002529,132.974,0.0336,0xd1...38fe,https://etherscan.io/tx/0x76d220bb94fab859fa068a09ef7405b4925eb00f255c7165008061638b381611
2023-03-27 00:06:47,True,0.4452,0.0002522,2914.61,0.7352,0xfa...aa5e,https://etherscan.io/tx/0xb6cff0da5f930f67d27d1d5502932c18b32e9aa15cad681f0a0773dcd1f5d935
2023-03-26 23:53:47,True,0.443,0.0002515,449.874,0.1131,0x2e...f345,https://etherscan.io/tx/0xde05e2909ec867faa0e28b70319855023e7a9469e156b54af041da58ab3b5c6f
2023-03-26 23:42:35,True,0.4424,0.0002513,122.726,0.0308,0xe2...8169,https://etherscan.io/tx/0xed4d1d20f28de454d1e29d658eedb6ba42c5885edd8dfeb7086540233a7c57dd
2023-03-26 23:26:47,False,0.4394,0.00025,839.594,0.2099,0x91...dc25,https://etherscan.io/tx/0xd52f64a8567e3ff8ee0782af37b6b51a2b49b0e2540b9d2f7ed743700f178202
2023-03-26 23:21:47,False,0.4406,0.0002504,865.897,0.2168,0x91...dc25,https://etherscan.io/tx/0x7b23258ef56e48c1fbaf0ec5d975e08a70d8b16e450ef846c1df5ecffea1bd6d
2023-03-26 22:50:35,True,0.4423,0.0002519,786.885,0.1982,0xeb...8db9,https://etherscan.io/tx/0x4a719e4ed5887d5f3f84e80716972477ee7d83dcb3d10497a8f961c98dee35fd
2023-03-26 22:46:59,False,0.4411,0.0002509,3016.37,0.7568,0xfa...aa5e,https://etherscan.io/tx/0x876e15d65188b013ee839982f5b3e61faca388df8afcdf9e05335bd2b4d705f3
2023-03-26 22:21:47,True,0.4471,0.0002528,1106.63,0.2798,0xce...e04b,https://etherscan.io/tx/0xe8182074685084069e03fefe6c7e6876e9e44ee79b5f72e783e0e5464c7852a6
2023-03-26 22:03:23,False,0.4439,0.0002514,24.3067,0.0061,0xdb...7ec9,https://etherscan.io/tx/0x68f7b7ab837ec819d1e9bc58420e45baf3575bd20533fb4c85106c4d6e898dd0
2023-03-26 21:52:11,True,0.4457,0.0002523,1084.03,0.2735,0x6e...bafa,https://etherscan.io/tx/0x5488d6cb545245c1232bc9089b75fbf772a65a13777bfb9b35c7cb9264c8257f
2023-03-26 21:24:23,True,0.445,0.0002518,1429.2,0.3599,0x12...1117,https://etherscan.io/tx/0xdd49285d7caa01a206b93d0fdbb055d33685daef3995c481c7adc237ed84ca8c
2023-03-26 21:24:11,True,0.4444,0.0002514,126.132,0.0317,0x22...1e69,https://etherscan.io/tx/0x775aff174d0a7df771194ac4ad95735d647207e7310f03508e39d48c361d9cdf
2023-03-26 21:21:35,True,0.4439,0.0002511,1439.2,0.3614,0x12...1117,https://etherscan.io/tx/0x5afa1e59cd350d7b50a93f9b27755c664dc14dcc33a4c5e964f4177749b0075d
2023-03-26 21:11:35,True,0.4424,0.0002505,1367.7,0.3426,0xe5...d7c4,https://etherscan.io/tx/0xdbbc8112c564b6f4b7fbb3227ac03675bd21920cf66a6dcebcb5f62d6ae15c39
2023-03-26 20:48:47,False,0.4392,0.0002489,1000.0,0.2489,0xef...f253,https://etherscan.io/tx/0x5286e82ffd3483b3c654b35f679986cbac93611efa9792a77f1f9a14b0e0facf
2023-03-26 20:48:11,True,0.4421,0.0002505,335.443,0.084,0xaf...7601,https://etherscan.io/tx/0x1397bdee839bb451b2e09e83c82c98db96c7b1a30cb37accf5823ce7aa4fc243
2023-03-26 20:47:11,True,0.4419,0.0002504,134.232,0.0336,0xaf...7601,https://etherscan.io/tx/0x9e01a07aac9485a6f9230d998347235a8f585e5aa5f881ad2fec783499e70dc9
2023-03-26 20:41:11,True,0.442,0.0002504,197.924,0.0495,0x15...54c8,https://etherscan.io/tx/0xc691e8feee1edeecf9370254ff17857ce30bee1e7c280a86d5627428affaf0cc
2023-03-26 20:38:11,True,0.4416,0.0002502,447.518,0.112,0xe9...3ac2,https://etherscan.io/tx/0xba1531c6d3ea1cdf6f74496ede766405e7fc792aed835f5c07b6a89ad132004d
2023-03-26 20:31:59,True,0.4419,0.0002501,217.825,0.0544,0x55...5e06,https://etherscan.io/tx/0x37628a15da20d75386a3d70ebc64fa4c47293797690e2c608228e0a548205ca8
2023-03-26 20:15:23,True,0.4423,0.0002499,674.235,0.1685,0xb5...2424,https://etherscan.io/tx/0x2332dab191c4454824a609721526790b9e97963e9d1d7c07cfda65de8a41cead
2023-03-26 19:56:23,False,0.4386,0.0002483,113.461,0.0281,0x1f...4d36,https://etherscan.io/tx/0x03d7293c22c8c92bfa6a783db04adfeeaf4937920ef51cd6b75d267dc6d52bcb
2023-03-26 19:49:11,True,0.4383,0.0002481,7757.26,1.925,0x84...31dc,https://etherscan.io/tx/0x25df33fbe6da08f83aea58553fc164604c5af1582f9efb652b327e711e0a81bc
2023-03-26 19:48:59,False,0.4357,0.0002467,8000.11,1.97379,0x65...ed08,https://etherscan.io/tx/0x7cdf67b08face4d96323213c9a12085da219709ac19dc62157191ca6f2d5dd34
2023-03-26 19:48:35,True,0.4391,0.0002486,6771.85,1.68371,0x49...96b8,https://etherscan.io/tx/0x988a7f08a3f562385a9a7542b723baa045a7258b503039d20dfd896fddfff733
2023-03-26 19:48:23,False,0.4368,0.0002472,8000.0,1.97789,0x65...ed08,https://etherscan.io/tx/0xb9d6a8848b3690563193d61c059a5867cf95809b41cc39b25db4a0b911b4a5de
2023-03-26 19:47:59,True,0.4401,0.0002491,6774.54,1.68761,0xae...674b,https://etherscan.io/tx/0xd5f4e1b93fe251be44d16600e77d872fe8b1362b5b6bb2edcc76364f07064ba5
2023-03-26 19:47:47,True,0.4327,0.000245,11692.5,2.86503,0x11...041f,https://etherscan.io/tx/0xe078e3019071448b536d78c4c688ebc22cf37c0bc5f9a9f39017369db4c5f370
2023-03-26 19:47:47,False,0.428,0.0002423,6000.0,1.45421,0x65...ed08,https://etherscan.io/tx/0x623728198f892a68c12dd4649a76850233284aa2061c0d46967311377f66fd53
2023-03-26 19:47:47,False,0.4346,0.0002461,11692.5,2.87749,0x11...cdfb,https://etherscan.io/tx/0xe8439689bdf30152896b0eda2d684d231af1b336ce821e9ae0e6b764441093fb
2023-03-26 19:47:11,True,0.4393,0.0002487,6772.36,1.68487,0x31...8903,https://etherscan.io/tx/0x5d2d47b7ab0b96ec45994fd39a006c7a46baf42053d725635f034caa0fe1d1e3
2023-03-26 19:46:59,False,0.4369,0.0002474,8000.0,1.97917,0x65...ed08,https://etherscan.io/tx/0x8ab15d29e63a57b1c782ed4ccc0e517b94a5ea3858b0badd03ef16098a22185f
2023-03-26 19:46:35,True,0.4402,0.0002493,6760.72,1.68545,0xc1...0e75,https://etherscan.io/tx/0xa9f3b95c8bf7d2244567272ca1e87499a17cb819d2a945927111f2792523256a
2023-03-26 19:46:23,False,0.4373,0.0002474,6000.0,1.48492,0x65...ed08,https://etherscan.io/tx/0xff46a6fc22b7b8024b0a5aa789a4c13c5f5f3e64551802983869eb5105e37040
2023-03-26 19:29:11,True,0.4413,0.0002502,17.9408,0.0044,0xc9...3a14,https://etherscan.io/tx/0x4f8626bdc55f2bc353f4b16cc0c8b038b662cb87673adee30ecb46a49e35b2da
2023-03-26 19:11:23,True,0.4379,0.0002488,6806.74,1.69416,0xe6...4540,https://etherscan.io/tx/0x97f1a3bfcf2ea65279c4028ab10fc2954fbcdbfa5aad6a6c54961bf5492f7e28
2023-03-26 19:11:11,True,0.4308,0.0002448,11692.5,2.86276,0x11...cdfb,https://etherscan.io/tx/0xf1ee44b0cdd2a6e10e58f38d1c2e93c9d06f1fe719b2b1de57e7bc7e50e6e4d4
2023-03-26 19:11:11,False,0.4261,0.0002421,6000.0,1.45306,0x65...ed08,https://etherscan.io/tx/0xb46cf2ca2e9b4b5c6e65aab1534bbf29194e4f25d21e14705991b70fada85126
2023-03-26 19:11:11,False,0.4326,0.0002459,11692.5,2.87521,0x11...7f80,https://etherscan.io/tx/0x9ef0a71b9b94c05afe78c08d3d8104751d66743d5c74c4975687eaa2815addb0
2023-03-26 18:38:23,True,0.4402,0.0002498,87.2656,0.0218,0x13...d336,https://etherscan.io/tx/0x6dc8ee551d553bd6667db1343310958835241f1831aaaaa6ee19b727ca6190db
2023-03-26 18:31:35,False,0.4378,0.0002484,189.332,0.047,0xf5...72a2,https://etherscan.io/tx/0xfaa81ec5c85c024c0566256bee8e4c1ac267baedbad7c60a7cb5babaea0c91a7
2023-03-26 18:30:11,True,0.4403,0.0002498,337.209,0.0842,0xb9...2c6e,https://etherscan.io/tx/0x09ec4d6e4c8c0f65391f8e5a02ff6dfaf18da7db1fec6e434665f87dab5918ae
2023-03-26 18:21:59,True,0.44,0.0002497,426.276,0.1064,0xd2...a5c7,https://etherscan.io/tx/0x664ab562fd963503c10c1c5b8a5514c770195c4534c9d71d0379ea82b4d401d7
2023-03-26 18:17:35,True,0.44,0.0002495,198.598,0.0495,0xd9...d2fd,https://etherscan.io/tx/0x110475a5a187e3f53d668fb08b9b4ad1abdbc9274688c2e8793d95a4b88ea844
2023-03-26 18:08:59,True,0.4401,0.0002494,108.314,0.027,0xbe...8ac6,https://etherscan.io/tx/0x3340ca0fa286c6a968db8a4c0304aac8e91afbcb20b8903724a0bf68735b6e53
2023-03-26 17:44:59,True,0.4399,0.0002494,22.4721,0.0056,0x35...fc93,https://etherscan.io/tx/0x4febe6dda81a75401ca546a4bf4ad5cd508b0696f333fd7c6c70a46aec1b62db
2023-03-26 17:37:59,True,0.4389,0.0002488,3065.96,0.7628,0x91...d728,https://etherscan.io/tx/0x8bb93313fce992d00756386f4eaffd5cf32b0fd962d49890d4b0bb862e7c143d
2023-03-26 17:37:59,False,0.4366,0.0002475,4000.0,0.99,0x65...ed08,https://etherscan.io/tx/0x65636201a7e054a0b63e698154a9420305dcea1cfae52608030316b58ec3ad22
2023-03-26 17:37:35,True,0.4384,0.0002485,6794.38,1.6886,0xae...674b,https://etherscan.io/tx/0xebcfdb8d8650dab1a3f87f6a04ad2cdbc4c1865cfdf4e4e6431195c4c77edbbd
2023-03-26 17:37:23,True,0.4315,0.0002444,11720.0,2.86488,0x11...041f,https://etherscan.io/tx/0x9facda2f6eab91ab79a6e73e5d03d8cf7ca3383cb0ae4d58c4abab43415a4133
2023-03-26 17:37:23,False,0.4268,0.0002417,6000.0,1.4507,0x65...ed08,https://etherscan.io/tx/0xe3a6daffa603a933ba1d5e41141a98f469a8ecad02ba2f2c6845979a9a3465df
2023-03-26 17:37:23,False,0.4334,0.0002455,11720.0,2.87731,0x11...cdfb,https://etherscan.io/tx/0x39edbf065a17d68bc488462dda11b748f15d561db5ef74b8ab31f3575f2edd72
2023-03-26 17:36:59,True,0.4389,0.0002486,4520.51,1.12413,0xe6...4540,https://etherscan.io/tx/0x8a39163c62593169fc95902906bebb81cbf0d5bba4c3e06b3d8370be62390910
2023-03-26 17:36:47,True,0.4325,0.000245,11692.5,2.86526,0x11...c2bf,https://etherscan.io/tx/0x062b227619486975a5cbb03c1ca0d3ec0c4b28dc40b0c5bbff84a0d3d9a0571f
2023-03-26 17:36:47,False,0.4278,0.0002423,6000.0,1.45433,0x65...ed08,https://etherscan.io/tx/0xe2101485dce75eea01fc83df29f7dd77c700dfc45a35c6a0361423e26b288687
2023-03-26 17:36:47,False,0.4344,0.0002461,11692.5,2.87774,0x11...48d5,https://etherscan.io/tx/0x8b2e70f6baca00982a11ac29508aec696787f5c49d44f2f0da278629cdf83841
2023-03-26 17:36:11,True,0.4393,0.0002489,5311.01,1.32222,0x91...d728,https://etherscan.io/tx/0xb8204961a72d2b2055ff2ce4da5495758de211e4774b0a7343f63a5ac4de37a9
2023-03-26 17:36:11,False,0.4362,0.0002471,4000.0,0.9887,0x65...ed08,https://etherscan.io/tx/0xb61e6ea77d2deb8d31043961427679631bc02ac8b2fc969976f9bcf14b7dffce
2023-03-26 17:35:11,False,0.4393,0.0002486,3000.0,0.746,0x65...ed08,https://etherscan.io/tx/0xb13fc337b27d0d3c25269b54c6584caec43ea148cc93e36e110216feed764e8e
2023-03-26 17:15:47,True,0.442,0.0002501,3275.0,0.8192,0x91...d728,https://etherscan.io/tx/0x4ef7d44e851d9cfeb276bc4dfeed92d5aadd7cd0da6c1ae51cb3dfd0d0a9f6ee
2023-03-26 17:15:35,True,0.4364,0.0002469,11637.5,2.87361,0x11...cdfb,https://etherscan.io/tx/0x4a1bb5f8d13ae2e83f47964ec92cb577527c3e3bd08357edda66e5f2e5149808
2023-03-26 17:15:35,False,0.4316,0.0002442,6000.0,1.46549,0x65...ed08,https://etherscan.io/tx/0x53a2abe57cf60db8066ec991662a45061ca8a5d72a479f5e64b4e84f5c43715a
2023-03-26 17:15:35,False,0.4383,0.000248,11637.5,2.88623,0x11...7f80,https://etherscan.io/tx/0x46b2ecc0fece46898c7efaf6308c6283c6cb9200547f8d7b018453d46e444451
2023-03-26 17:14:47,False,0.4429,0.0002506,333.813,0.0836,0x01...79a7,https://etherscan.io/tx/0x145d8f26d84842b0d2ec99b6f8d0018ed40ffcaf843db580b5e5b90d38e66610
2023-03-26 17:12:59,True,0.4456,0.0002521,39.3082,0.0099,0xdd...bbf7,https://etherscan.io/tx/0x646f2429b126faa5c30a7b8fedbaf0d6152b30ebbc4095e926a3538851f74a68
2023-03-26 17:12:59,True,0.4456,0.0002521,131.003,0.033,0x69...24e4,https://etherscan.io/tx/0x6ff1ba5d1ca14815ac96ad069d91ae3445dc37535ee401fefebaae53f2cdb812
2023-03-26 17:06:35,True,0.4448,0.000252,267.58,0.0674,0xfb...45e9,https://etherscan.io/tx/0x2562b9aee3c4719c68826fbb487d9233c476538efed408c2e12b1ec1f2113630
2023-03-26 16:59:35,False,0.4414,0.0002505,234.072,0.0586,0xaf...5b87,https://etherscan.io/tx/0x927adf3d3fd71dcb9b4e8111a64ed4d905087fbb7f6c4613b0e9009e81a49489
2023-03-26 16:48:47,False,0.4442,0.0002506,500.0,0.1253,0x99...e75a,https://etherscan.io/tx/0x29e687a245b5a3851cbab84dd9ec96481714c5c3a34d43bb897841b93edf4b3f
2023-03-26 16:28:59,True,0.4482,0.0002514,4433.33,1.11485,0xe6...4540,https://etherscan.io/tx/0xc3aba7914659a93cdec082a1c2f24a94f75712fadc5042de3972b9fbb782cf81
2023-03-26 16:28:35,False,0.4461,0.0002501,6000.0,1.50103,0x65...ed08,https://etherscan.io/tx/0xb783d62b770cd22942c74581a0c6c4cb5de2b9c7028bcd62fba88b30e2764ec5
2023-03-26 16:28:11,True,0.4491,0.0002516,6639.67,1.67095,0xe6...4540,https://etherscan.io/tx/0xd498dc91488d3642d5cdb66d71c6d14205ad51a1cc0a48b98dd411d69105238a
2023-03-26 16:27:59,False,0.4471,0.0002505,9000.0,2.25487,0x65...ed08,https://etherscan.io/tx/0xa462c88417b5c2f3caf8f799be202a25bb5c2bd75733669f92ebf46282cc0368
2023-03-26 16:17:23,True,0.4541,0.0002539,326.708,0.0829,0xbf...56d2,https://etherscan.io/tx/0x9f0ebc50f856814328d6ecd995cbc0171dfd1adf1365407ca69ec8de5bea112d
2023-03-26 16:16:23,True,0.4516,0.0002525,6592.93,1.66521,0xe6...4540,https://etherscan.io/tx/0x9f67d798461f456ead99cae9623f786f1f93d4a3377acb4bacf67331d6bb92f8
2023-03-26 16:16:11,False,0.4484,0.0002507,6000.0,1.50469,0x65...ed08,https://etherscan.io/tx/0xa24b34c2ae9b4a6edde3894481a3f204e5f9b3b707bc52c4e57261035c5ea356
2023-03-26 16:01:11,True,0.4554,0.0002535,108.885,0.0276,0x12...8c3a,https://etherscan.io/tx/0x33e0ab2e11c12954f738ecf71b45d3f6d51908eb342c8a67525723239c35d775
2023-03-26 15:54:23,True,0.4528,0.0002527,3812.98,0.9636,0x5e...822f,https://etherscan.io/tx/0xdaf46727c31bed8183e6332d800dba4996ac548d8490e3bf09f475f55a8ab4fe
2023-03-26 15:44:23,False,0.4481,0.0002503,0.7897,1.977e-05,0x7f...b14d,https://etherscan.io/tx/0x7da8d1c8c5df9a8029c56a37e3dcd01471472b53c3812e79d08a0d6eb07753fb
2023-03-26 15:44:23,True,0.4508,0.0002518,47.5741,0.0119,0xec...cda3,https://etherscan.io/tx/0x65e97cef2f2b49f7d3c356560d59b01639292bfabd6c9122286ec1917977946f
2023-03-26 15:41:11,True,0.449,0.0002508,4664.99,1.17013,0x91...d728,https://etherscan.io/tx/0xe753f1d2ee06e9e4d93ef35d3b67806615420f888deea97256e616e306f60ce6
2023-03-26 15:40:59,False,0.4463,0.0002493,4600.0,1.14685,0x65...ed08,https://etherscan.io/tx/0xaf878b2c28b649e2de7cbcbaa6caf3afac44730450bf7dbfd4628d20bb5a2890
2023-03-26 15:40:47,True,0.4505,0.0002518,22.1143,0.0055,0x45...549b,https://etherscan.io/tx/0x661db09aa8be5cb7bf89255865b1f4ede5e328736310e4447dc1e8ea568474cd
2023-03-26 15:40:47,True,0.4491,0.000251,3622.96,0.9094,0x91...d728,https://etherscan.io/tx/0xf9fb009b80b5977c56e5ccfa483ed217e8c5730ec5777713bc4c2bf65e5f51af
2023-03-26 15:40:11,True,0.4472,0.00025,9099.98,2.275,0x84...31dc,https://etherscan.io/tx/0x1d05fdfe8633b744b746c91210c610f80cf77db99d41ac90ae8d78ed8ceb7bfb
2023-03-26 15:39:47,False,0.445,0.0002484,9000.0,2.23633,0x65...ed08,https://etherscan.io/tx/0x05c8640abfd18dfc0d9df021d6e2e2dfa936e5e3ad4b10f07d2115d90e263ff0
2023-03-26 15:39:11,True,0.446,0.0002508,4986.06,1.25072,0x5e...822f,https://etherscan.io/tx/0x47191cb7b2331863cdb2751ec9a9aeca0162f1ed1f7842606fdc3bde9b964b03
2023-03-26 15:39:11,False,0.4437,0.0002495,6000.0,1.49737,0x65...ed08,https://etherscan.io/tx/0x209848c0662299cce0170bca762b3634476d58a654392a2f65e28e9f0dddd079
2023-03-26 15:38:23,True,0.4459,0.0002511,6656.3,1.67148,0xae...674b,https://etherscan.io/tx/0x5f0081bda6d7af18dcddb55e96ea473688483d600c80d8a71387f8eeb89f33fc
2023-03-26 15:38:11,False,0.4427,0.0002492,6000.0,1.4956,0x65...ed08,https://etherscan.io/tx/0x9f22a7a5be86fcdd73fbadbb5e78e474ca8e46fc882d0205a0961f0ac5aeb998
2023-03-26 15:37:11,True,0.4456,0.0002508,6650.54,1.6684,0x31...8903,https://etherscan.io/tx/0x2961de2709c39b942ff144a99a2cbb92d4deb9d50adad1627a850f83ae18220e
2023-03-26 15:36:59,False,0.443,0.0002494,8000.0,1.99528,0x65...ed08,https://etherscan.io/tx/0x2831e6a4fe214266437f7c1ab52f39f2d942097a8f2f9efde004f84a6eba10f4
2023-03-26 15:36:35,True,0.4465,0.0002513,6659.09,1.67385,0xcc...437d,https://etherscan.io/tx/0x5f465259e4ce259da41c63ff7c0c952a77226feb99f2b1ba41e172bcb57d6594
2023-03-26 15:36:23,True,0.4391,0.0002472,11637.5,2.87712,0x11...14b1,https://etherscan.io/tx/0xb32831e0a7e93f3c659256184bbe8ea413520161391e7598acb62b90df5a53d5
2023-03-26 15:36:23,False,0.4351,0.0002449,8000.0,1.95977,0x65...ed08,https://etherscan.io/tx/0x8a8166160855c1fceac959f38b4c8a3dc5b3aeb364e3eaf17f32141bd3921714
2023-03-26 15:36:23,False,0.4426,0.0002491,11637.5,2.89987,0x11...c2bf,https://etherscan.io/tx/0xa62842e3f93267667f5f127972eae51987e3c7b10aee8bc2386a3203baa0f3ed
2023-03-26 15:35:59,True,0.4472,0.0002519,6654.14,1.67619,0xe6...4540,https://etherscan.io/tx/0x3f66848c195960bfc80dcc3d69a33dc6bbf8f70d6db80654f9c13c0cacd4aabc
2023-03-26 15:35:47,False,0.444,0.0002501,6000.0,1.50065,0x65...ed08,https://etherscan.io/tx/0x6cc3cb88944cf7f538983e752b4e69e277cd45b8e8ac972703850248165fc51a
2023-03-26 15:35:35,True,0.4467,0.0002516,6658.77,1.67547,0x31...8903,https://etherscan.io/tx/0xca5cb06f46ad99419703833fc40ba53c0fe1bbc14f0167b32193a9c230416cd8
2023-03-26 15:35:23,True,0.4393,0.0002474,11610.1,2.87341,0x11...14b1,https://etherscan.io/tx/0x2bdf65880218ac843c2051e0a51eed34413977428233c9f2d17fe9cab35e439c
2023-03-26 15:35:23,False,0.4353,0.0002452,8000.0,1.96192,0x65...ed08,https://etherscan.io/tx/0x7b0aeb30e3e9bbd32ec8ca0d9bcd610cd1a2b58cb0c1d0ba2bbce11c73078b24
2023-03-26 15:35:23,False,0.4428,0.0002494,11610.1,2.89616,0x11...c2bf,https://etherscan.io/tx/0xda703db11c25118dd5769b74ead75552b8fa0042521aa79a02c040efd7c2946e
2023-03-26 15:35:11,True,0.4476,0.0002521,6664.0,1.68016,0xc1...0e75,https://etherscan.io/tx/0x8e602222c350a1bc7cd09dee054c67c364d697b9a3cf3d640ba8138043fec412
2023-03-26 15:34:59,True,0.4403,0.000248,11610.1,2.87979,0x11...cdfb,https://etherscan.io/tx/0x0bad14a1ce88e4a07a79b3e55b41cc39bddc87a84f007a1983ab9338343f88d3
2023-03-26 15:34:59,False,0.4355,0.0002453,6000.0,1.47214,0x65...ed08,https://etherscan.io/tx/0xbb64a52e1c365ff98b2c6661f357af9e61104695f8b92a755bfcff1046509ed3
2023-03-26 15:34:47,True,0.447,0.0002518,6663.04,1.67798,0x49...96b8,https://etherscan.io/tx/0x4a97db3118552d04a7e5910454b35bd522c83544c11374347faf689e11a38160
2023-03-26 15:34:35,False,0.4439,0.00025,6000.0,1.50034,0x65...ed08,https://etherscan.io/tx/0xd53b1055b51e8b0087a128445b079a02a853c8a9645819095d1daccc1723c081
2023-03-26 15:33:59,True,0.4466,0.0002515,6658.8,1.6752,0xcc...437d,https://etherscan.io/tx/0xfd7de5dc6164439145fa4822ce8f6a5eda65a568dbad64b581083b235874677b
2023-03-26 15:33:47,False,0.4352,0.0002451,8000.0,1.96151,0x65...ed08,https://etherscan.io/tx/0x897c0ee0e67524efdb338ecb52a6c7784fd25963a38535c0b2058d9fa99be21f
2023-03-26 15:33:47,False,0.4427,0.0002494,11610.1,2.89555,0x11...14b1,https://etherscan.io/tx/0x63a2ad167b0c23580e58d0940e97bb1972bd49e8cda20bee4d27ec2f44ee6bfb
2023-03-26 15:33:23,True,0.4475,0.000252,6657.62,1.67833,0xe6...4540,https://etherscan.io/tx/0x30ead0e33f69784933c65f42fbcafdec760d2c1fa61b730e95c6cfcaf878acf0
2023-03-26 15:32:47,False,0.4453,0.0002507,8000.0,2.00608,0x65...ed08,https://etherscan.io/tx/0x6c13469f639233281a24a50ed4502156e5f67e088921918d78627e3f54328e0c
2023-03-26 15:28:47,True,0.4499,0.0002533,3082.04,0.7808,0x91...d728,https://etherscan.io/tx/0xa55bf72f4a4903e2450e31dd90666efa05e3a0741aec4fc206f23e38324587c1
2023-03-26 15:09:35,True,0.447,0.0002519,3084.03,0.7771,0x91...d728,https://etherscan.io/tx/0xd025b86fa20439644138cc6ae619c561f317e41f29fb7e03c53a8fe89d87d15c
2023-03-26 14:43:59,True,0.4455,0.0002511,697.766,0.1752,0x9c...a8f9,https://etherscan.io/tx/0x4b5dc1ea9b0af1e985f756595cf7b1540afde5b1f38ca321e687f9cb9e25010d
2023-03-26 14:27:23,False,0.4425,0.0002495,275.0,0.0686,0x94...7ed7,https://etherscan.io/tx/0x1f894f61519bf0d9f67a72f9cec2a369ec746818c48d32f5ec6abcd4f3f45964
2023-03-26 14:23:23,True,0.4454,0.000251,201.349,0.0505,0xdd...50ad,https://etherscan.io/tx/0x0d09af913d8337f4124d57b343f502d2a0f130067c55c70d60fff9d5061b038b
2023-03-26 14:18:59,True,0.4447,0.000251,23.8176,0.0059,0x17...bee6,https://etherscan.io/tx/0xb4e21dee66320f16e146f1a3892e80fa6f27ccfc4e83a5c9b64cc850719f5a3b
2023-03-26 14:18:35,True,0.4433,0.00025,4648.97,1.16226,0x91...d728,https://etherscan.io/tx/0xfd9c7555a8b02ee382e1197b4f118de1c874234cf852d6536a242f7067c860a7
2023-03-26 14:18:35,False,0.4404,0.0002483,4000.0,0.9934,0x65...ed08,https://etherscan.io/tx/0x001f159cdfb7cf838af4f4aa1816489c64fbf266f97fd5c849678797d054b1be
2023-03-26 14:16:59,True,0.4433,0.0002499,4473.34,1.118,0x49...96b8,https://etherscan.io/tx/0xee87bf3bb3db8c1be5b5893b35fb77968c2129d39a47e16cccb6347e456c5666
2023-03-26 14:16:47,False,0.4424,0.0002494,10000.0,2.49459,0x65...ed08,https://etherscan.io/tx/0x1d8f636ca671f0e6ef5de136ea4487da227008cd2f14f83560e32d875385a506
2023-03-26 14:06:11,True,0.4497,0.0002528,1408.44,0.3561,0x65...7f32,https://etherscan.io/tx/0x191c9ab7fc47e59731f6fed707f883469d60b3bda0fcb9b1a83287ea0e0c5bea
2023-03-26 14:03:23,True,0.4483,0.0002518,2961.97,0.746,0x91...d728,https://etherscan.io/tx/0x38ffb43f49b3720de969b60cb2b6f8883c0c54d324273d09ea1a736f8b60d757
2023-03-26 14:01:35,True,0.4441,0.0002496,7008.66,1.75,0x84...31dc,https://etherscan.io/tx/0xe9aeb0d8e6464ef6b13ecd678b47ca024c1894e5d12147ef374b3b8cf8a9b558
2023-03-26 14:01:23,False,0.441,0.0002479,6000.0,1.48786,0x65...ed08,https://etherscan.io/tx/0x2249a7a8fc2c8b259472f10fa522dfa8d4bb43ad73e640aa37968723f611479d
2023-03-26 14:00:11,True,0.4445,0.0002499,4470.44,1.11725,0xc1...0e75,https://etherscan.io/tx/0xc6711931b0b35d22b0f9cf4af252128e87a60951463c6aa9ac26361929cc8ede
2023-03-26 13:59:59,True,0.4381,0.0002463,11665.0,2.87334,0x11...48d5,https://etherscan.io/tx/0xfd8775028e16079b5fe4eb44bf1b10008a1e5955e7e349276a42e009f06a105b
2023-03-26 13:59:59,False,0.4334,0.0002436,6000.0,1.46187,0x65...ed08,https://etherscan.io/tx/0x87106870d2383ab89c08d087c29d4d2b10a64edf08a555a76f92bbd82245eea2
2023-03-26 13:59:59,False,0.44,0.0002474,11665.0,2.88595,0x11...041f,https://etherscan.io/tx/0x70e928f0e5822c71af77dbd052f4eb6752e2537e06795539046c3582c0ba8411
2023-03-26 13:40:47,True,0.4445,0.0002514,47.7663,0.012,0x99...4ce4,https://etherscan.io/tx/0x9a71bc9e378612a4c4dc6a073cf9b554728a3b906c34694389d7ebdf201bd8e5
2023-03-26 13:30:11,True,0.4447,0.0002513,211.958,0.0532,0xaa...dc43,https://etherscan.io/tx/0x62c87edeaab3c6ef0740e95a954d416ad5523fa717fa3fa4d4188f6768af400a
2023-03-26 12:43:35,True,0.4446,0.0002513,22.8778,0.0057,0x89...31cb,https://etherscan.io/tx/0x5bdbbe553bc3ff780cc59207b12737880f66b53b3d02cdb351dfebcc9cc3095e
2023-03-26 12:20:35,True,0.4449,0.0002512,88.7588,0.0223,0xfc...14a2,https://etherscan.io/tx/0x50f3e3bfcaf0afb3320be272e8ab7e34347ee7b38795562f706b0c6a8ffbc400
2023-03-26 12:19:35,True,0.4448,0.0002511,305.007,0.0766,0x5b...af32,https://etherscan.io/tx/0x5253646c37731411d142f981735aee50bb3220642f3c187cc48fe2e97a649ab7
2023-03-26 11:23:23,True,0.4463,0.0002511,2.21416,5.56e-05,0x67...e5f2,https://etherscan.io/tx/0x1de5e87de7a1fe1676dcd3ee58e6f0cd04f00cf1dc365657d33847515e8aa3aa
2023-03-26 11:14:47,True,0.4468,0.0002511,110.949,0.0278,0xde...3b93,https://etherscan.io/tx/0xcfac392261e340a073651f232b9ac66bf2406b3f5a2efafafc375855e406be86
2023-03-26 11:11:23,True,0.4451,0.0002504,3072.98,0.7694,0x5e...822f,https://etherscan.io/tx/0xc874829220002aa4785564324cc99c23a882d10b1121d89603be52a612e8cdbd
2023-03-26 11:05:23,False,0.4412,0.0002486,1950.0,0.4848,0xc4...f9a6,https://etherscan.io/tx/0x664a75994fdf4c75091d30019c4c78663892d08471aa39a61ab096f0fd9e238d
2023-03-26 10:11:47,False,0.4375,0.0002496,2715.02,0.6778,0x91...d728,https://etherscan.io/tx/0x14bb994b684a4946e79d567dc8f5be353a75a20437289f62bc1785f1e2f22441
2023-03-26 09:46:59,True,0.4409,0.0002517,329.133,0.0828,0xc7...8964,https://etherscan.io/tx/0x9ff78553c5d80e53399d9c68422ef4124a9521b64663f9bc280ec3e1fcddfef5
2023-03-26 09:46:59,True,0.4409,0.0002517,329.133,0.0828,0xc7...8964,https://etherscan.io/tx/0x9ff78553c5d80e53399d9c68422ef4124a9521b64663f9bc280ec3e1fcddfef5
2023-03-26 09:08:35,True,0.4409,0.0002516,15.5572,0.0039,0xf6...a5ef,https://etherscan.io/tx/0x25a0df41ffd08742a2e84328220ff794772d931fd25384e36a14ae9dca6529bd
2023-03-26 08:58:11,True,0.4406,0.0002515,112.191,0.0282,0x05...3b0c,https://etherscan.io/tx/0x1aee4234196acdb7577717b889afd974ff65438153ccb04c5e05c8f0cf552827
2023-03-26 08:47:59,True,0.4405,0.0002515,196.178,0.0493,0x08...e32a,https://etherscan.io/tx/0x09f1b034a3e37f47903ed321ee4b5120fcca9a030a07641902969a7f0649adb0
2023-03-26 08:19:35,False,0.4384,0.0002501,590.634,0.1477,0x27...d1a3,https://etherscan.io/tx/0x93541bc0ff371d6f97cf8e5eaf6604f06469ef2e08ec0f94e50e28034993438f
2023-03-26 08:05:47,True,0.4413,0.0002517,89.5008,0.0225,0xb2...b6a8,https://etherscan.io/tx/0xf113f7e6ec9cd4e2c5bc8f5d4e8698dc172a10bfe21543ecb8b74bc28245e041
2023-03-26 08:03:47,True,0.4414,0.0002516,41.455,0.0104,0xaa...e484,https://etherscan.io/tx/0xe9e100ad5f1942c301994e32ff0f1a83ceb2c0f3108f0170f7cde6ebd89e8253
2023-03-26 08:01:11,True,0.4413,0.0002515,482.225,0.1213,0x55...a209,https://etherscan.io/tx/0x0e4ea3e49be0747d7a0e4db200656766686595b45557628675dc3015d5b1b794
2023-03-26 07:57:47,False,0.4381,0.00025,195.526,0.0488,0xd0...2cef,https://etherscan.io/tx/0x14b7b4b97256495f3c297abe77fbd7cfe81414f5cfd737ee8ce2011c7684370d
2023-03-26 07:33:59,True,0.4394,0.0002515,252.246,0.0634,0xab...d259,https://etherscan.io/tx/0x5113cc200cb6c2ad5a73db12167b6ee1da136fa365ee0c08ca7d554945e609f6
2023-03-26 07:24:59,False,0.438,0.0002505,2689.01,0.6736,0x5e...822f,https://etherscan.io/tx/0x1c55a6dc87296e0def4f94f671ecb0eba5c5ed80875b942befd99d4157200f8d
2023-03-26 07:08:47,False,0.4399,0.0002516,2547.99,0.6412,0x91...d728,https://etherscan.io/tx/0xe6db524c0b14f5b86fff0018f7abe57e7c2818f3672b3974a2c0dd1d7727c8ae
2023-03-26 06:57:59,True,0.4432,0.0002537,108.316,0.0274,0x14...945f,https://etherscan.io/tx/0x15ad6c4f8b4d20d35b0c49912f5368a2a21b6d6d41bc9ecff5c54d5bf9f12e5b
2023-03-26 06:47:59,True,0.4433,0.0002536,151.234,0.0383,0x5d...fffa,https://etherscan.io/tx/0x30518a10a0a9ff4abbec8ccc1ea5d0ea00cc686f4a5c6c51000a31def161432d
2023-03-26 06:20:11,True,0.4434,0.0002535,227.321,0.0576,0x01...8210,https://etherscan.io/tx/0x2c9632a22f7b3656fea2613509b45626843f4705312b109977c33cd55f6d3d08
2023-03-26 06:10:59,True,0.4432,0.0002535,81.0026,0.0205,0xbc...01f7,https://etherscan.io/tx/0x19e7d9c2ebd5306a165185355f0f386e47d63d54740d6da18747e25f7ffb3161
2023-03-26 06:08:59,True,0.4432,0.0002534,117.803,0.0298,0xbc...01f7,https://etherscan.io/tx/0x89189bed02ffe7b08413e2d2ce9b6b0518e3bcee48dd71a0e9dc3537656a7027
2023-03-26 06:06:23,False,0.4407,0.0002519,229.588,0.0578,0x39...5e89,https://etherscan.io/tx/0xf84f1e769e29bd099f0bcba94d5f28da38b1d876bce3f06b35432b9a6b378091
2023-03-26 05:59:11,True,0.4434,0.0002535,3.90942,9.912e-05,0xbe...9a32,https://etherscan.io/tx/0x4d1983ec122145dc0945343c3ad77c9303c3eabc40eec5d9e43b7eff7e7cc325
2023-03-26 05:56:59,True,0.4437,0.0002535,89.127,0.0226,0x3e...8fe6,https://etherscan.io/tx/0x44e33aa6de174a347603778bd21bf6c982ec3981116d73d3c738c6286101ae0a
2023-03-26 05:39:59,True,0.4434,0.0002535,11.2214,0.0028,0xe3...ddfb,https://etherscan.io/tx/0x9b9d3eecb4007a7fc6bb00f79bb1cc45f0e249916012fc4ef0b744affd733ed0
2023-03-26 04:22:47,True,0.4438,0.0002533,524.034,0.1327,0xdd...eb0f,https://etherscan.io/tx/0x4c31bc8df893ffe2a8e55dcc323b4108d275275219d6fff0f3ca1d48d02000b9
2023-03-26 04:20:47,False,0.4411,0.0002518,500.0,0.1259,0xf9...52f0,https://etherscan.io/tx/0x33b01c11e39313573d1392337a4ac77be20b894b90726a3175e5933b9f59c015
2023-03-26 03:41:35,True,0.4429,0.0002528,2836.02,0.7171,0x3f...c220,https://etherscan.io/tx/0x6b168f494b3bf28caf70579f62a327817a834157708857c64e6da74671aa4b77
2023-03-26 03:41:11,True,0.4417,0.0002521,335.847,0.0846,0xf4...5c49,https://etherscan.io/tx/0x5cffd4a8131b71f95be661331667c141495276da88473ec88173ff5fde519294
2023-03-26 03:28:11,True,0.4404,0.0002515,2614.04,0.6574,0x91...d728,https://etherscan.io/tx/0x38a42d45863b1c8ae763a8b374ea743dcec153d6fe01e2bcdc75deb4a6cb46da
2023-03-26 03:25:23,False,0.4368,0.0002495,474.391,0.1183,0x6a...1825,https://etherscan.io/tx/0xe612db3c4eaacdbe9cd47ffd041cc219f975ce3445a24f9b026d48f9fcc0f466
2023-03-26 03:16:59,True,0.4391,0.000251,238.954,0.06,0x57...9c52,https://etherscan.io/tx/0x462ecccca549a73a5e94f0d70bb8b2f5b37a01dd0e7fd61ba8540a1a7bef4a06
2023-03-26 03:15:23,True,0.4392,0.000251,4.16169,0.001,0x2c...867a,https://etherscan.io/tx/0x0b5fc08c8a9c495d2d088a58d06ead46b7d541b93730cb13e5dd3496e2fb82ad
2023-03-26 03:13:11,True,0.4391,0.0002508,877.361,0.22,0xda...d63d,https://etherscan.io/tx/0x210741daed3a995c5a07262706616e0642f7d0d6c8cf898aa26fd6f46968a727
2023-03-26 03:09:23,True,0.4387,0.0002506,47.4575,0.0119,0xdc...d08f,https://etherscan.io/tx/0xb8ab42e4f4836462d8da92bb6a8afb30bd75e29ab66133abdb6d33bed6c0c97d
2023-03-26 01:55:11,True,0.4396,0.0002506,121.913,0.0305,0x14...945f,https://etherscan.io/tx/0x51fd31191fadcf6bd8916196e6293d5497e196f2cad0df93fe4cb7a40f2de177
2023-03-26 01:46:47,True,0.4376,0.0002499,3022.97,0.7555,0x5e...822f,https://etherscan.io/tx/0xfedd60b4cd09dedec6dc20ec16691f6755d500e054c06bb00839e68857d2bd6b
2023-03-26 01:45:11,True,0.4362,0.0002492,218.761,0.0545,0xc0...c909,https://etherscan.io/tx/0x5b32982cea3720f4217fe323c93634f9ca3ac8530ee9824ee19929d560474727
2023-03-26 01:42:47,True,0.4347,0.0002485,3025.02,0.7517,0x5e...822f,https://etherscan.io/tx/0x0e12a33716fefb0ccfe69c51b3a7aab15a98d3841ba74ef6d54c6f5b5499ff5d
2023-03-26 01:39:47,False,0.4299,0.0002465,1000.0,0.2465,0x0d...0c3f,https://etherscan.io/tx/0xb740ee6e16419d039c3b728c13dd518bf81d3436f7e0804c3446d1204fc1e337
2023-03-26 01:36:47,False,0.4303,0.0002468,281.75,0.0695,0x99...3007,https://etherscan.io/tx/0xd87d75938efa6d9639dd00c77ecdcc1db7de04e431cb3b13e4ecff7f7b498e06
2023-03-26 01:30:59,True,0.4322,0.0002483,79.8126,0.0198,0x2d...1f04,https://etherscan.io/tx/0x0cdabb069ceb4dd8c82a65c0c6bdb22c5c4eca94a0039af7814ee0bb72a35844
2023-03-26 01:08:59,True,0.4325,0.0002481,1198.52,0.2973,0x99...8ea7,https://etherscan.io/tx/0x4baf9b861f2f5439d2a922f51187740f2c55488cdb7a84de4289666de9c2e8b0
2023-03-26 00:57:35,True,0.4313,0.0002478,37.2006,0.0092,0xf9...78fc,https://etherscan.io/tx/0x98775772ccea13e829a126872a29f3721813f89700157be460d7d229a19bdba9
2023-03-26 00:54:59,False,0.4294,0.0002467,1612.34,0.3977,0x1b...e1f7,https://etherscan.io/tx/0x85fe7435de829121d23db07fbe6f214899cbcac66600074799c0c45b7537c816
2023-03-26 00:48:23,True,0.4326,0.0002485,114.193,0.0283,0x91...0792,https://etherscan.io/tx/0xe19001532c94073f5fc7eba89502aa39cfe82b58d750a8fbeb12abc3d99e0ee4
2023-03-26 00:46:23,True,0.4325,0.0002484,119.686,0.0297,0xc0...c909,https://etherscan.io/tx/0x53a65bdf221eb2feb62c570d850393682bdefba2272129e3690bf023c12f791b
2023-03-26 00:43:59,True,0.4324,0.0002484,79.8046,0.0198,0xc0...c909,https://etherscan.io/tx/0x5cf90004a01906c66fb656a773e97e56ce1d3d7449eccd0ae1575365ce4f3137
